image_id,sources,tier,frozen_on
00928370e2dfeb8a507667ef1d4efcbb,confirmed_twins_gallery|safe_iou70_twin,1.0,2026-08-09
00951a7fad040bf7e90f32e81fc0746f,confirmed_twins_gallery|safe_iou70_twin,1.0,2026-08-09
00c15b23b30a5ba061358d9641118904,confirmed_twins_gallery|safe_iou70_twin,1.0,2026-08-09
00c46b336b5b06423fcdec1b4d5bee06,confirmed_twins_gallery|safe_iou70_twin,1.0,2026-08-09
00ca0c23961b5510be46c917be11c43e,confirmed_twins_gallery|lower_iou_implied_twin,1.0,2026-08-09
01a5e35b1ae21f3cfbe100b4b6aef451,confirmed_twins_gallery|safe_iou70_twin,1.0,2026-08-09
01d20d68bce47bec01d816b893630f18,confirmed_twins_gallery|safe_iou70_twin,1.0,2026-08-09
0277b937ddc8679ae69b3c54bfd714f1,confirmed_twins_gallery|safe_iou70_twin,1.0,2026-08-09
02a7b258e875cf073e2421d67ff824cd,confirmed_twins_gallery|safe_iou70_twin,1.0,2026-08-09
02e5b03f8ea7ea2787101b758291d162,confirmed_twins_gallery|lower_iou_implied_twin,1.0,2026-08-09
03426e9293f207de46b5592c001eb45c,confirmed_twins_gallery|safe_iou70_twin,1.0,2026-08-09
0373ed8a095e0a283da690de360ccc21,confirmed_twins_gallery|safe_iou70_twin,1.0,2026-08-09
03849b0243900d79446bb27849dc0bb2,confirmed_twins_gallery|lower_iou_implied_twin,1.0,2026-08-09
046bac77a58c1be84a6418904e755280,confirmed_twins_gallery|safe_iou70_twin,1.0,2026-08-09
04f28a8f394396872b7a9ede5041a80c,confirmed_twins_gallery|safe_iou70_twin,1.0,2026-08-09
059ab4f2222a3231845f048a63036083,confirmed_twins_gallery|safe_iou70_twin,1.0,2026-08-09
059cbf902c5e42972587c8d17d49efed,confirmed_twins_gallery|safe_iou70_twin,1.0,2026-08-09
05cc3233dcb5489d2333ee62339a3226,confirmed_twins_gallery|safe_iou70_twin,1.0,2026-08-09
060121a06476ef401d8a21d6567dee6d,confirmed_twins_gallery|safe_iou70_twin,1.0,2026-08-09
060f04c4f2dc67635433dc0c5b878265,confirmed_twins_gallery|safe_iou70_twin,1.0,2026-08-09
06977be07ef2afb3ddfa7733f0c04917,confirmed_twins_gallery|safe_iou70_twin,1.0,2026-08-09
06bf945aaacb9a67d9f2439d9a7d73ea,confirmed_twins_gallery|safe_iou70_twin,1.0,2026-08-09
06fc0c8a36a83d5150fca83d5bbb2612,confirmed_twins_gallery|safe_iou70_twin,1.0,2026-08-09
06fe0864a99a2e0cd32cb141b7808912,confirmed_twins_gallery|lower_iou_implied_twin,1.0,2026-08-09
07106a451fdebeaa73f2db13f295bfb1,confirmed_twins_gallery|lower_iou_implied_twin,1.0,2026-08-09
072f1b5740579bbe7f69afdd33bee8d1,confirmed_twins_gallery|lower_iou_implied_twin,1.0,2026-08-09
074d9f9ceede2e4fad8aec367a335a77,confirmed_twins_gallery|lower_iou_implied_twin,1.0,2026-08-09
07afad2271546de1802035829d3b507d,confirmed_twins_gallery|lower_iou_implied_twin,1.0,2026-08-09
081326594b296d372b9dd3e8af82350a,confirmed_twins_gallery|lower_iou_implied_twin,1.0,2026-08-09
08134913a9aa1d541f719e9f356f9378,confirmed_twins_gallery|safe_iou70_twin,1.0,2026-08-09
08347bf830e78903e36a81168c4342f9,confirmed_twins_gallery|safe_iou70_twin,1.0,2026-08-09
083ab9e2c95fb0ea2b999c592fb41653,confirmed_twins_gallery|safe_iou70_twin,1.0,2026-08-09
08459aaedfda0679aab403ababbd6ece,confirmed_twins_gallery|safe_iou70_twin,1.0,2026-08-09
08a8d48ec979f002383f336d988673ca,confirmed_twins_gallery|safe_iou70_twin,1.0,2026-08-09
09320344c2ed4da7bdf50d9f03b9e0be,confirmed_twins_gallery|lower_iou_implied_twin,1.0,2026-08-09
095d32f7716c9ff9892a7696d2325ea1,confirmed_twins_gallery|safe_iou70_twin,1.0,2026-08-09
098f7f7024f5c0de68e771c7273fc273,confirmed_twins_gallery|lower_iou_implied_twin,1.0,2026-08-09
099a334f7290f6821e9125c37428157a,confirmed_twins_gallery|safe_iou70_twin,1.0,2026-08-09
09a9f7497e6ba14eb0a12388ca17540d,confirmed_twins_gallery|rescan:PROPOSAL_A_final_drops.csv,4.0,2026-08-09
0a81500dc48b2bb7ee19849502360270,confirmed_twins_gallery|safe_iou70_twin,1.0,2026-08-09
0aa6472328e4807ba54a807b8332da0f,confirmed_twins_gallery|lower_iou_implied_twin,1.0,2026-08-09
0bb772b06c9e3cd1914e31b509556ebf,confirmed_twins_gallery|lower_iou_implied_twin,1.0,2026-08-09
0bd0dd2e0b715471eab534e1d815ebb2,confirmed_twins_gallery|safe_iou70_twin,1.0,2026-08-09
0bd231c85b2695e2cf021299e67a6afc,confirmed_twins_gallery|safe_iou70_twin,1.0,2026-08-09
0c16dad59425c963a1dba7a84638ece7,confirmed_twins_gallery|safe_iou70_twin,1.0,2026-08-09
0c21345669287d5b299ed8d7d0f6e1c2,confirmed_twins_gallery|lower_iou_implied_twin,1.0,2026-08-09
0c4c5c0598098cb221d34dc154cca14f,confirmed_twins_gallery|safe_iou70_twin,1.0,2026-08-09
0c514de56dcdc9d3b7b71173361a5b7b,confirmed_twins_gallery|safe_iou70_twin,1.0,2026-08-09
0cee71ab57422e04f76e09ef2186fcd5,confirmed_twins_gallery|safe_iou70_twin,1.0,2026-08-09
0d66a26a030e95c9de2173b476029b23,confirmed_twins_gallery|safe_iou70_twin,1.0,2026-08-09
0da0915a236f2fc98b299d6fdefe7b8b,confirmed_twins_gallery|safe_iou70_twin,1.0,2026-08-09
0e347ad243e4019fad579d3282a730f9,confirmed_twins_gallery|safe_iou70_twin,1.0,2026-08-09
0ec5bf6cbb0a9195b4db46173203a848,confirmed_twins_gallery|safe_iou70_twin,1.0,2026-08-09
108f2256764d82324ed9b2416b958291,confirmed_twins_gallery|safe_iou70_twin,1.0,2026-08-09
10c7898fb3c68c0e1b268ddb57590eb3,confirmed_twins_gallery|safe_iou70_twin,1.0,2026-08-09
10ce72448dc8291b84c67016f41fbd9a,confirmed_twins_gallery|lower_iou_implied_twin,1.0,2026-08-09
11f9b8c48b800c4434f693f0e76bc3b4,confirmed_twins_gallery|safe_iou70_twin,1.0,2026-08-09
1215adafbc41adff149c6ab127598917,confirmed_twins_gallery|safe_iou70_twin,1.0,2026-08-09
12493fb2b3ab6e3a628dfff875cbb335,confirmed_twins_gallery|lower_iou_implied_twin,1.0,2026-08-09
126ab775290fbfe771a67c94c6d50799,confirmed_twins_gallery|safe_iou70_twin,1.0,2026-08-09
128ade97a27c446fb413b1787426760c,confirmed_twins_gallery|safe_iou70_twin,1.0,2026-08-09
1307e25950ec553c3d02121252e6a80f,confirmed_twins_gallery|safe_iou70_twin,1.0,2026-08-09
134160267beeb22f782f92b728cc5abd,confirmed_twins_gallery|safe_iou70_twin,1.0,2026-08-09
134b29504e8774c3d38102d6ee81cdb9,confirmed_twins_gallery|safe_iou70_twin,1.0,2026-08-09
140543a4d39b1a3ed0fce740ba2feb3d,confirmed_twins_gallery|lower_iou_implied_twin,1.0,2026-08-09
146767f7d93d3093f647e003c9fdb0bb,confirmed_twins_gallery|lower_iou_implied_twin,1.0,2026-08-09
1553a517c2865e17ba28e1fac79bec75,confirmed_twins_gallery|lower_iou_implied_twin,1.0,2026-08-09
160a724e4f6c877d8175fdf7d07a0a67,confirmed_twins_gallery|lower_iou_implied_twin,1.0,2026-08-09
162cd4fc05480042f1429d3eaed599d8,confirmed_twins_gallery|lower_iou_implied_twin,1.0,2026-08-09
166f7618e2d9e5c9b05e4dd358f7659e,confirmed_twins_gallery|lower_iou_implied_twin,1.0,2026-08-09
16a9e8227156e2d8598cd22e633610be,confirmed_twins_gallery|safe_iou70_twin,1.0,2026-08-09
1784ab09ff0d41a78a89e36226bf3eb5,confirmed_twins_gallery|safe_iou70_twin,1.0,2026-08-09
17a486c9252622e27c2714de7e7695b7,confirmed_twins_gallery|safe_iou70_twin,1.0,2026-08-09
180e2320aefbf3dfecab785446bc555b,confirmed_twins_gallery|safe_iou70_twin,1.0,2026-08-09
18157fa5a744739d34a3c498e4aa8dab,confirmed_twins_gallery|safe_iou70_twin,1.0,2026-08-09
184a184ac82d72d499f99b67d6a1c631,confirmed_twins_gallery|safe_iou70_twin,1.0,2026-08-09
18533bc08197fa92ff063ad89ceddc89,confirmed_twins_gallery|lower_iou_implied_twin,1.0,2026-08-09
1896b63650679d190184e973cb3f2be6,confirmed_twins_gallery|safe_iou70_twin,1.0,2026-08-09
19638106770d8d0494e4d1ccf64e1662,confirmed_twins_gallery|safe_iou70_twin,1.0,2026-08-09
196f3b66be713d67db88cd412ed8768d,confirmed_twins_gallery|lower_iou_implied_twin,1.0,2026-08-09
19cd8d1657528f7d4895398a6fd093ec,confirmed_twins_gallery|safe_iou70_twin,1.0,2026-08-09
19f3f3265bd80f1ee68cff968541639a,confirmed_twins_gallery|lower_iou_implied_twin,1.0,2026-08-09
1a0f9b33bff0a3649d79b7bf01203e04,confirmed_twins_gallery|safe_iou70_twin,1.0,2026-08-09
1aaa3e8a1b4a738cb9a2d358dd45dbc5,confirmed_twins_gallery|safe_iou70_twin,1.0,2026-08-09
1abb6882a5cba3d9c166736825bbe101,confirmed_twins_gallery|safe_iou70_twin,1.0,2026-08-09
1ad725c53a59666f85d84dbea616000f,confirmed_twins_gallery|lower_iou_implied_twin,1.0,2026-08-09
1bdf2c81b6b6aad6aae2818a844957f0,confirmed_twins_gallery|safe_iou70_twin,1.0,2026-08-09
1c9bf14436cc28f6281f44f73d6fddc8,confirmed_twins_gallery|safe_iou70_twin,1.0,2026-08-09
1d09b5fc1bf2482cdb2e3eb93b94226f,confirmed_twins_gallery|safe_iou70_twin,1.0,2026-08-09
1d46f4df1dfdf3fa0a06b21e9f9ae99a,confirmed_twins_gallery|lower_iou_implied_twin,1.0,2026-08-09
1df63c491243a9f5c0ad727672be2763,confirmed_twins_gallery|lower_iou_implied_twin,1.0,2026-08-09
1e0379988bc494245913cc4bb10fb8c1,confirmed_twins_gallery|safe_iou70_twin,1.0,2026-08-09
1e1f00a9410f29e4d4c9920530d883c0,confirmed_twins_gallery|safe_iou70_twin,1.0,2026-08-09
1eab1d74f5c90e353ce5f4440b502bc3,confirmed_twins_gallery|lower_iou_implied_twin,1.0,2026-08-09
1ec31c0ef1a94feed5942cfb9643f077,confirmed_twins_gallery|safe_iou70_twin,1.0,2026-08-09
1f722fff98986499a0aea339cd05a75d,confirmed_twins_gallery|safe_iou70_twin,1.0,2026-08-09
1f86b6a526481bc5d2ca18d94f94f062,confirmed_twins_gallery|safe_iou70_twin,1.0,2026-08-09
203c6d9817fc00d1b1fdcc6eae2118b4,confirmed_twins_gallery|lower_iou_implied_twin,1.0,2026-08-09
21842d9a9ebb1e4efb6527fa04163452,confirmed_twins_gallery|lower_iou_implied_twin,1.0,2026-08-09
21da367ab5b9d2b74882cbd626042608,confirmed_twins_gallery|lower_iou_implied_twin,1.0,2026-08-09
21dcd35e0e0aaa2e5453c871874a8ae1,confirmed_twins_gallery|safe_iou70_twin,1.0,2026-08-09
223e1179a9dcf7c13871234edc99fc1b,confirmed_twins_gallery|lower_iou_implied_twin,1.0,2026-08-09
2309b313ab206df1adf09d970478f4c0,confirmed_twins_gallery|safe_iou70_twin,1.0,2026-08-09
231c7be81560497b2015a0b9a9a04d32,confirmed_twins_gallery|lower_iou_implied_twin,1.0,2026-08-09
248849ede6c19a5b38182908836cb666,confirmed_twins_gallery|lower_iou_implied_twin,1.0,2026-08-09
24ccdd39791fcac60d157701cb18c200,confirmed_twins_gallery|safe_iou70_twin,1.0,2026-08-09
25c2e6b1c5a915c24df1732d4de8e435,confirmed_twins_gallery|lower_iou_implied_twin,1.0,2026-08-09
25c5c31bc182f9c26fb4c084e1fa2df4,confirmed_twins_gallery|lower_iou_implied_twin,1.0,2026-08-09
264e5e8732450598190acec51da65cdc,confirmed_twins_gallery|safe_iou70_twin,1.0,2026-08-09
26bc992079d504e172e50fb565915bf7,confirmed_twins_gallery|safe_iou70_twin,1.0,2026-08-09
26db031a2a246f6525d08296fad489f6,confirmed_twins_gallery|lower_iou_implied_twin,1.0,2026-08-09
26f717c6128d8e5d0854376f01893c8a,confirmed_twins_gallery|safe_iou70_twin,1.0,2026-08-09
273aca7c9745bca16dcfb07930f0fc52,confirmed_twins_gallery|lower_iou_implied_twin,1.0,2026-08-09
276fe273713496862d1e614288e3f670,confirmed_twins_gallery|safe_iou70_twin,1.0,2026-08-09
27f3dbbf2b9a5e59f508dc6b0c23d5cb,user_multi_C35_55_explicit_drop|user_multi_drop,3.0,2026-08-09
280220720b546eacfa223edf513ec94e,confirmed_twins_gallery|lower_iou_implied_twin,1.0,2026-08-09
285e28ef159dc6a54e18cc1962136596,confirmed_twins_gallery|safe_iou70_twin,1.0,2026-08-09
28c2858a4d611799f6748464e1eb825d,confirmed_twins_gallery|safe_iou70_twin,1.0,2026-08-09
28ca3539cc4b25b0a3d571c1fe108aba,confirmed_twins_gallery|safe_iou70_twin,1.0,2026-08-09
28ca63263be7194fbefbfaedd0637469,confirmed_twins_gallery|safe_iou70_twin,1.0,2026-08-09
28d2e92f40bdd98d7cd5275fa448fe2d,confirmed_twins_gallery|safe_iou70_twin,1.0,2026-08-09
2902a2f38703f59632892819a1c72377,confirmed_twins_gallery|safe_iou70_twin,1.0,2026-08-09
29053c264a170a054de97ff356245dfc,confirmed_twins_gallery|lower_iou_implied_twin,1.0,2026-08-09
291b2132e1fb9131478b8d691406874b,confirmed_twins_gallery|safe_iou70_twin,1.0,2026-08-09
29266f4feb6766468bce536888b3bc0c,confirmed_twins_gallery|lower_iou_implied_twin,1.0,2026-08-09
299cbccbc459c1c8c2685a92fb3c9182,confirmed_twins_gallery|safe_iou70_twin,1.0,2026-08-09
2a3883e1ff960fefc4b94fe5b1b0391e,confirmed_twins_gallery|lower_iou_implied_twin,1.0,2026-08-09
2a6d0c4bd562bb83e9863a175af50de4,confirmed_twins_gallery|lower_iou_implied_twin,1.0,2026-08-09
2a709812f21cab8f45ccc91371b7dc5f,confirmed_twins_gallery|lower_iou_implied_twin,1.0,2026-08-09
2ad0a0582297b6f2ddb131796e300ee3,confirmed_twins_gallery|safe_iou70_twin,1.0,2026-08-09
2ad0f2857a4552a25127205fd04a5e9f,confirmed_twins_gallery|safe_iou70_twin,1.0,2026-08-09
2af2dd6d1fb4012582c9932ab3147492,confirmed_twins_gallery|safe_iou70_twin,1.0,2026-08-09
2b2866cb48fb18fa8dadd200798c5feb,confirmed_twins_gallery|safe_iou70_twin,1.0,2026-08-09
2b340c9844077ddcdf641adac5f116e3,confirmed_twins_gallery|lower_iou_implied_twin,1.0,2026-08-09
2bb4f3202acd0b3cd10ffae292b6edf8,confirmed_twins_gallery|lower_iou_implied_twin,1.0,2026-08-09
2c688d7d92059ab3bac7c190dd6e31cd,confirmed_twins_gallery|safe_iou70_twin,1.0,2026-08-09
2c6b8913a7bae36c8ceb01fbd102d74f,confirmed_twins_gallery|safe_iou70_twin,1.0,2026-08-09
2cf0ca3050e57483195091e21cfbbab6,confirmed_twins_gallery|safe_iou70_twin,1.0,2026-08-09
2de0597cbb7af462bfdb7b1c4f935248,confirmed_twins_gallery|rescan:PROPOSAL_A_final_drops.csv,4.0,2026-08-09
2dfc3c0d45043aa9d7aee9560f487a43,confirmed_twins_gallery|safe_iou70_twin,1.0,2026-08-09
2e2d3ed2069dd704dde97c3d6d194b94,confirmed_twins_gallery|safe_iou70_twin,1.0,2026-08-09
2ec367872ec7245522d6090ae792d6e0,confirmed_twins_gallery|safe_iou70_twin,1.0,2026-08-09
2ee04159001b56e9f28dfa9541e1b9fb,confirmed_twins_gallery|safe_iou70_twin,1.0,2026-08-09
2f06601cb2159b6b369e145d19e59081,confirmed_twins_gallery|lower_iou_implied_twin,1.0,2026-08-09
2f27c52c7d58fbe0818d6531d3707c78,confirmed_twins_gallery|lower_iou_implied_twin,1.0,2026-08-09
2f5379bf67ca1190c7f168736d9d8efc,confirmed_twins_gallery|safe_iou70_twin,1.0,2026-08-09
2f711ff54c15f3d9d627cb5e98b278fb,confirmed_twins_gallery|safe_iou70_twin,1.0,2026-08-09
2fb68d6713a52e322692dbc99ac82444,confirmed_twins_gallery|safe_iou70_twin,1.0,2026-08-09
2fdc521c56b6cce0e7907d05a8db1f25,confirmed_twins_gallery|lower_iou_implied_twin,1.0,2026-08-09
30524fa719ca467beaeed0879835ae7a,confirmed_twins_gallery|safe_iou70_twin,1.0,2026-08-09
306c500894cef0f73406f227152ef357,confirmed_twins_gallery|safe_iou70_twin,1.0,2026-08-09
30714dc10ad30cb8cda2ed487ebd4934,confirmed_twins_gallery|safe_iou70_twin,1.0,2026-08-09
3094f0e7f338e708620942f9f939c7cf,confirmed_twins_gallery|safe_iou70_twin,1.0,2026-08-09
3112c494c644128c2a0f7fbc1e9a23f1,confirmed_twins_gallery|safe_iou70_twin,1.0,2026-08-09
31b7e0ab60877ab8de35a95e04629144,confirmed_twins_gallery|safe_iou70_twin,1.0,2026-08-09
31cf52bcc7a77d04bb82932c235c796f,confirmed_twins_gallery|lower_iou_implied_twin,1.0,2026-08-09
3381ea445ec8554a5cb3e7d3153fc0c1,confirmed_twins_gallery|safe_iou70_twin,1.0,2026-08-09
340236fc3587d38939e3dd669bbfe3e8,confirmed_twins_gallery|safe_iou70_twin,1.0,2026-08-09
342cf992c6259c1e9dd731d27a4573cc,confirmed_twins_gallery|lower_iou_implied_twin,1.0,2026-08-09
344cc56a75aa993d5b20be3f31210879,confirmed_twins_gallery|lower_iou_implied_twin,1.0,2026-08-09
349b1b6fa6ffc5625b8eedabf03d5948,confirmed_twins_gallery|lower_iou_implied_twin,1.0,2026-08-09
34bf9dcd2f03642e6d42163091900112,confirmed_twins_gallery|safe_iou70_twin,1.0,2026-08-09
35590689349e29d6540a7c14f8a3d42c,confirmed_twins_gallery|safe_iou70_twin,1.0,2026-08-09
357bb7135ffd688bbd6ae0efc984342e,confirmed_twins_gallery|lower_iou_implied_twin,1.0,2026-08-09
35b2e442142f53c58e83e1a0f0636472,confirmed_twins_gallery|safe_iou70_twin,1.0,2026-08-09
35b5971800492e04d2ecd6b3439b0017,confirmed_twins_gallery|safe_iou70_twin,1.0,2026-08-09
35c7912e941c9bf21594deeda6c891e2,confirmed_twins_gallery|safe_iou70_twin,1.0,2026-08-09
3659fd7b7207e8a9c2595c04aef3587e,confirmed_twins_gallery|safe_iou70_twin,1.0,2026-08-09
36b63b6aac630b8b13f9097001c0bf5b,confirmed_twins_gallery|lower_iou_implied_twin,1.0,2026-08-09
3752b697cae9f81a9d5ffe44dac58e7a,confirmed_twins_gallery|safe_iou70_twin,1.0,2026-08-09
37d3511b61cfe994b82147b5d4b09ae4,confirmed_twins_gallery|lower_iou_implied_twin,1.0,2026-08-09
3848fce177d0cc469f4ca60d802445af,confirmed_twins_gallery|lower_iou_implied_twin,1.0,2026-08-09
38d5fe1d5718ada9a476c7690dfcfde0,confirmed_twins_gallery|lower_iou_implied_twin,1.0,2026-08-09
39026a5b4f7486acd7ab9d02482ff69b,confirmed_twins_gallery|safe_iou70_twin,1.0,2026-08-09
3916b0e11e209f1afa4cbcadb3f1b9dc,confirmed_twins_gallery|safe_iou70_twin,1.0,2026-08-09
3a08f79c589a9e1d00a258e86a1331ce,confirmed_twins_gallery|safe_iou70_twin,1.0,2026-08-09
3a307aeade076ae4aab09ae25a5d30b1,confirmed_twins_gallery|safe_iou70_twin,1.0,2026-08-09
3a6161c02efaf0c49fe4dc6ffd76c838,confirmed_twins_gallery|safe_iou70_twin,1.0,2026-08-09
3a9d5791b0cc64ff0dae5dd26e6006ab,confirmed_twins_gallery|safe_iou70_twin,1.0,2026-08-09
3ad48056423f5a0710d13d943f112fe1,confirmed_twins_gallery|safe_iou70_twin,1.0,2026-08-09
3b5b3a2cc026cf58cc19bfa66b4873e3,confirmed_twins_gallery|safe_iou70_twin,1.0,2026-08-09
3babb9b35e40e2bea17239a5a3ffeaec,confirmed_twins_gallery|safe_iou70_twin,1.0,2026-08-09
3bdd92d91566a9719c76ca639db6a143,confirmed_twins_gallery|lower_iou_implied_twin,1.0,2026-08-09
3c659b2837afab3af6b952fcbaa6a515,confirmed_twins_gallery|safe_iou70_twin,1.0,2026-08-09
3c87d6e4b488073a424d625d6130dd25,confirmed_twins_gallery|safe_iou70_twin,1.0,2026-08-09
3cb832450f38c16278b3c78d15f7be7f,confirmed_twins_gallery|lower_iou_implied_twin,1.0,2026-08-09
3d334ec1be0544fd6fff794a77631eef,confirmed_twins_gallery|lower_iou_implied_twin,1.0,2026-08-09
3d5b16b57612afc445ab30c74f2b6972,confirmed_twins_gallery|safe_iou70_twin,1.0,2026-08-09
3d7c76e3d1106d038356561b67b4ac1a,confirmed_twins_gallery|safe_iou70_twin,1.0,2026-08-09
3da913b3f89eefa02a90c878ebc4c3ae,confirmed_twins_gallery|safe_iou70_twin,1.0,2026-08-09
3ea2b7849d7ce4fccad168565e8e669e,confirmed_twins_gallery|safe_iou70_twin,1.0,2026-08-09
3ea446fb35b118a634e5f5ce509f672b,confirmed_twins_gallery|lower_iou_implied_twin,1.0,2026-08-09
41cb4989ff5f99e7fee7af7e666e8319,confirmed_twins_gallery|safe_iou70_twin,1.0,2026-08-09
41eabdf6d7f3a3ac22d0f7a83aea1053,confirmed_twins_gallery|lower_iou_implied_twin,1.0,2026-08-09
43111f9c3a9aca9f3b1daf09f392f3c8,confirmed_twins_gallery|safe_iou70_twin,1.0,2026-08-09
435f5526bfee811bcd4bbf54ad40b600,confirmed_twins_gallery|safe_iou70_twin,1.0,2026-08-09
436fe677570dbf833a4298a1f0346edf,confirmed_twins_gallery|lower_iou_implied_twin,1.0,2026-08-09
43f1934ed5821f2b4897e6535b432668,confirmed_twins_gallery|safe_iou70_twin,1.0,2026-08-09
43fb03bd110f08e7c36fcbfcf43feccf,confirmed_twins_gallery|lower_iou_implied_twin,1.0,2026-08-09
44350cd9c0b41005308e65c2d9ee8ac1,confirmed_twins_gallery|safe_iou70_twin,1.0,2026-08-09
446664c5c1545096585825aad5bc9310,confirmed_twins_gallery|safe_iou70_twin,1.0,2026-08-09
4466722a9c574e8572224b7e853d4f53,confirmed_twins_gallery|lower_iou_implied_twin,1.0,2026-08-09
447ceabf87de7431032ef708132594d5,confirmed_twins_gallery|safe_iou70_twin,1.0,2026-08-09
44a18e239f8354b5347d91855a2508bd,confirmed_twins_gallery|safe_iou70_twin,1.0,2026-08-09
44fe9866a8fbfc80642bd800e2e4954b,confirmed_twins_gallery|safe_iou70_twin,1.0,2026-08-09
450f03b3f86c156365c1f7ef8e38f995,confirmed_twins_gallery|safe_iou70_twin,1.0,2026-08-09
45910500e405b732fd6c0d50c921e3f4,confirmed_twins_gallery|safe_iou70_twin,1.0,2026-08-09
462d4231224f8acdc85dc9449f803a2d,confirmed_twins_gallery|safe_iou70_twin,1.0,2026-08-09
4639b28cdc127ee5809e2223d50035ed,confirmed_twins_gallery|safe_iou70_twin,1.0,2026-08-09
464d35ac0644183c0891abde15a042c7,user_multi_C35_55_explicit_drop|user_multi_drop,3.0,2026-08-09
464f8dbd8b906717dd1eb94a344f7262,confirmed_twins_gallery|lower_iou_implied_twin,1.0,2026-08-09
46de8984e7374ec2a14fe538720cf688,confirmed_twins_gallery|lower_iou_implied_twin,1.0,2026-08-09
46f767c8c76697a603e52b56a33f86a0,confirmed_twins_gallery|safe_iou70_twin,1.0,2026-08-09
4721d191d9f8a869dc31fd220e5bd1e1,confirmed_twins_gallery|safe_iou70_twin,1.0,2026-08-09
473af71fb330ea26e33a3c24eaa14b6f,confirmed_twins_gallery|safe_iou70_twin,1.0,2026-08-09
47f34de873955e8e03e954e3882d747f,confirmed_twins_gallery|safe_iou70_twin,1.0,2026-08-09
4867b2a030243b9079a0bf08db01cb03,confirmed_twins_gallery|safe_iou70_twin,1.0,2026-08-09
4889d1102cccd3a96257d9966309d793,confirmed_twins_gallery|safe_iou70_twin,1.0,2026-08-09
48ace73483c38f13d786c4da72ecf25e,confirmed_twins_gallery|safe_iou70_twin,1.0,2026-08-09
48b90b806560b21a02cbfcea8a2b3977,confirmed_twins_gallery|safe_iou70_twin,1.0,2026-08-09
490417dca347af4b988ecbe11c54db52,confirmed_twins_gallery|safe_iou70_twin,1.0,2026-08-09
4953f5a813043846c5e93b13adbcd1df,confirmed_twins_gallery|lower_iou_implied_twin,1.0,2026-08-09
4968e5f9e8c2d58318e33902e4617575,confirmed_twins_gallery|safe_iou70_twin,1.0,2026-08-09
49db2dc6d2b8ec83e08ecb69182012e1,confirmed_twins_gallery|safe_iou70_twin,1.0,2026-08-09
4a7a70d00251af024d70dab5a7e8d228,confirmed_twins_gallery|lower_iou_implied_twin,1.0,2026-08-09
4abf4f8b4b7768af6eb06d3ef31b1e09,confirmed_twins_gallery|safe_iou70_twin,1.0,2026-08-09
4ada62a4e80e0cc01ceac327b2f5c57f,confirmed_twins_gallery|safe_iou70_twin,1.0,2026-08-09
4ba2c9a9103bbbaa575dfb3b888dc195,confirmed_twins_gallery|lower_iou_implied_twin,1.0,2026-08-09
4c4c624b8db2f481703c4ee6dea58bc2,confirmed_twins_gallery|safe_iou70_twin,1.0,2026-08-09
4c6a0e8134aee15172b8e37dd7972680,confirmed_twins_gallery|safe_iou70_twin,1.0,2026-08-09
4ce70385b1b2a8d59d8d52f303e76285,confirmed_twins_gallery|lower_iou_implied_twin,1.0,2026-08-09
4d803d599e3aa34b4d4d97b0e3a6ff5b,confirmed_twins_gallery|safe_iou70_twin,1.0,2026-08-09
4df489a9cfb4d30f8613a9dcdcdb6697,confirmed_twins_gallery|safe_iou70_twin,1.0,2026-08-09
4e60bebc14d01b30a0873ba7ee026dac,confirmed_twins_gallery|safe_iou70_twin,1.0,2026-08-09
4e80b5738f591c7d0d91889c2bdfd39d,confirmed_twins_gallery|safe_iou70_twin,1.0,2026-08-09
4e95048eb0c0413e5fc648b1447cf651,confirmed_twins_gallery|safe_iou70_twin,1.0,2026-08-09
4ecad8aefbc2ce6931baaee0cda6955b,confirmed_twins_gallery|lower_iou_implied_twin,1.0,2026-08-09
4edba0c8cc0e39bac58aba99442b60a8,confirmed_twins_gallery|safe_iou70_twin,1.0,2026-08-09
4f066c3230d1e0d5f38a1837ea1a86e6,confirmed_twins_gallery|safe_iou70_twin,1.0,2026-08-09
4f8ea724680d43c27a0a2f022fbee4d8,confirmed_twins_gallery|lower_iou_implied_twin,1.0,2026-08-09
4fae900c0644c8418c2028629afbd4e5,confirmed_twins_gallery|lower_iou_implied_twin,1.0,2026-08-09
4fbcad209342f96710a73a57aa14a55f,confirmed_twins_gallery|safe_iou70_twin,1.0,2026-08-09
500b90c3e7eba2e3b25818a8c1834d45,user_multi_inner_twin,4.0,2026-08-09
507ac341d0a68f80c382a8f1b9b2793c,legacy_forced_drop,3.0,2026-08-09
50d2485d0802f6b27cff432ed6f8be70,confirmed_twins_gallery|safe_iou70_twin,1.0,2026-08-09
50f74e7e621541065c3b5955d41782f2,confirmed_twins_gallery|lower_iou_implied_twin,1.0,2026-08-09
5203b6b2f6c3e46cdb2f09b9d99a5ecd,confirmed_twins_gallery|safe_iou70_twin,1.0,2026-08-09
5252182ded15f6179aba4b367c0215dc,confirmed_twins_gallery|lower_iou_implied_twin,1.0,2026-08-09
529ba9e8521115b9d2a606a2dd5ef7e9,confirmed_twins_gallery|lower_iou_implied_twin,1.0,2026-08-09
53a0d392e204cdbaa181fe636dd62600,confirmed_twins_gallery|safe_iou70_twin,1.0,2026-08-09
53c13f2dba313251cb0e86eeedda6bbd,confirmed_twins_gallery|safe_iou70_twin,1.0,2026-08-09
53dfff0cecd06c15f600d334e7324b78,confirmed_twins_gallery|safe_iou70_twin,1.0,2026-08-09
5504b8b281b572e1da90774ff3f207c6,confirmed_twins_gallery|safe_iou70_twin,1.0,2026-08-09
554c017aec32fb7b6448c3ba22d3f0e4,confirmed_twins_gallery|lower_iou_implied_twin,1.0,2026-08-09
55871a7a0ec1e0958ce44dd101d48be7,confirmed_twins_gallery|safe_iou70_twin,1.0,2026-08-09
55bc19f33c8e76d179d4fff167424383,confirmed_twins_gallery|lower_iou_implied_twin,1.0,2026-08-09
55e4c013d70e60e4db9425f9f6fd8997,confirmed_twins_gallery|lower_iou_implied_twin,1.0,2026-08-09
5618c8129a6db9d5d94bb26f2b58fe4f,confirmed_twins_gallery|lower_iou_implied_twin,1.0,2026-08-09
562ed7c01bf09ec8162007d798ff0b51,confirmed_twins_gallery|lower_iou_implied_twin,1.0,2026-08-09
565b748e64e5f6895bb1abce1a7ec163,confirmed_twins_gallery|safe_iou70_twin,1.0,2026-08-09
56c011c71edcba80e2c4fb87d1d0f26e,confirmed_twins_gallery|lower_iou_implied_twin,1.0,2026-08-09
5764f6df31c3c05b73dfc0fe5c7bad04,confirmed_twins_gallery|safe_iou70_twin,1.0,2026-08-09
581a0ecff3a2c886dbf5725909d210fe,confirmed_twins_gallery|safe_iou70_twin,1.0,2026-08-09
5846acd1f690271cfb0264154dcccdd9,confirmed_twins_gallery|safe_iou70_twin,1.0,2026-08-09
585673c1e2a7911db8386224726284ed,confirmed_twins_gallery|safe_iou70_twin,1.0,2026-08-09
58accdf477bd85e51be2e67c291b0896,confirmed_twins_gallery|safe_iou70_twin,1.0,2026-08-09
58c59865a2b61e6dcd15fdd75c03f8ce,confirmed_twins_gallery|safe_iou70_twin,1.0,2026-08-09
58d13c5b7c1d86814e7a9451fef0d9d5,confirmed_twins_gallery|safe_iou70_twin,1.0,2026-08-09
59bc7df93b3b01dc3a1f3935555c3009,confirmed_twins_gallery|safe_iou70_twin,1.0,2026-08-09
59f2e4a9a209e933826447819f890aec,confirmed_twins_gallery|safe_iou70_twin,1.0,2026-08-09
5ad5cca8bc4c96585d42a6f8369be1e7,confirmed_twins_gallery|lower_iou_implied_twin,1.0,2026-08-09
5af696841a9c6453f9f667bdab0621e5,confirmed_twins_gallery|safe_iou70_twin,1.0,2026-08-09
5b003d43ec0ce5979062442486f84cf7,confirmed_twins_gallery|lower_iou_implied_twin,1.0,2026-08-09
5b2c1fcb4a370400b64df671560fb733,confirmed_twins_gallery|safe_iou70_twin,1.0,2026-08-09
5b63be15731e9414734353fa1b91adb4,confirmed_twins_gallery|safe_iou70_twin,1.0,2026-08-09
5bc396007c667e5fec6587d07a9af93e,confirmed_twins_gallery|lower_iou_implied_twin,1.0,2026-08-09
5c023def11d24939459afd3e3cb69620,confirmed_twins_gallery|safe_iou70_twin,1.0,2026-08-09
5c083ab21fc57c0954468ab46aa7fb16,confirmed_twins_gallery|safe_iou70_twin,1.0,2026-08-09
5c845f5a01b97dd479aeef86b465605f,confirmed_twins_gallery|lower_iou_implied_twin,1.0,2026-08-09
5c975e69eee9359ebe8da3f2a376fefb,confirmed_twins_gallery|lower_iou_implied_twin,1.0,2026-08-09
5d04a3fbf6bc76e526f4d1c3d763229f,confirmed_twins_gallery|safe_iou70_twin,1.0,2026-08-09
5d3dfae104348251b8fbc99f8d39a601,confirmed_twins_gallery|safe_iou70_twin,1.0,2026-08-09
5d438b93171c54575c3248d799952a8c,confirmed_twins_gallery|safe_iou70_twin,1.0,2026-08-09
5d5ba6a776e985a917f0028258d6593a,confirmed_twins_gallery|safe_iou70_twin,1.0,2026-08-09
5dbe471927123756883dc4ec6121a72c,confirmed_twins_gallery|lower_iou_implied_twin,1.0,2026-08-09
5dfa62a4dcf79b511d935096233f35e3,confirmed_twins_gallery|lower_iou_implied_twin,1.0,2026-08-09
5dfb4fde4486edf9f5863e61a1ba016c,confirmed_twins_gallery|safe_iou70_twin,1.0,2026-08-09
5ebc2544193fed9aa6e846641a8d8f1e,confirmed_twins_gallery|safe_iou70_twin,1.0,2026-08-09
5ed3bb060e0e6d7fe6472f1982e530e9,confirmed_twins_gallery|safe_iou70_twin,1.0,2026-08-09
5f40e0b339592b1b70f17134a06abf98,confirmed_twins_gallery|safe_iou70_twin,1.0,2026-08-09
5f554a63b2a187b75a1764282fbf10b6,confirmed_twins_gallery|user_multi_C35_55_explicit_drop,3.0,2026-08-09
5f6b700d24076d52b81361befbc88af1,confirmed_twins_gallery|safe_iou70_twin,1.0,2026-08-09
5f95d17c869a6b92214c6b0c2aebfccb,confirmed_twins_gallery|safe_iou70_twin,1.0,2026-08-09
6071aa8ba6c71f822201674f662a2058,confirmed_twins_gallery|safe_iou70_twin,1.0,2026-08-09
60a15dda8570e347a3529a062fb1d5c9,confirmed_twins_gallery|lower_iou_implied_twin,1.0,2026-08-09
60d32cd009e0175fe8607166861cd430,confirmed_twins_gallery|safe_iou70_twin,1.0,2026-08-09
60e51083a75aa5283aadde7f110df48e,confirmed_twins_gallery|safe_iou70_twin,1.0,2026-08-09
6109a474ebb5c73ef1dc5fe36c6f7df2,confirmed_twins_gallery|safe_iou70_twin,1.0,2026-08-09
61838ed2c863a4b4d7b851854f990941,confirmed_twins_gallery|safe_iou70_twin,1.0,2026-08-09
61d53ad3869b865564520488312443f2,confirmed_twins_gallery|safe_iou70_twin,1.0,2026-08-09
620a6fbf50a7463ed0a8932782d7b969,confirmed_twins_gallery|rescan:PROPOSAL_A_final_drops.csv,4.0,2026-08-09
62202e376a671af629cc7c309561ff56,confirmed_twins_gallery|lower_iou_implied_twin,1.0,2026-08-09
6259bdf29094e9a832bb47b970ff8cce,confirmed_twins_gallery|safe_iou70_twin,1.0,2026-08-09
63006577b07056d2789dedce40da466d,confirmed_twins_gallery|safe_iou70_twin,1.0,2026-08-09
6303244b26eef8e081298bfeac827403,confirmed_twins_gallery|rescan:PROPOSAL_A_final_drops.csv,4.0,2026-08-09
630ead3f5eee9ca3d292d65a785d480b,confirmed_twins_gallery|lower_iou_implied_twin,1.0,2026-08-09
63119b7889164b2153a2ec1c829ea853,confirmed_twins_gallery|lower_iou_implied_twin,1.0,2026-08-09
632bb32084df3f4c50164c2c684d34ab,confirmed_twins_gallery|safe_iou70_twin,1.0,2026-08-09
6392947d42a28861f68363b1f2e536e5,confirmed_twins_gallery|lower_iou_implied_twin,1.0,2026-08-09
63e71c21ffc027a4b9f256840072e28f,confirmed_twins_gallery|safe_iou70_twin,1.0,2026-08-09
63ec04bc1c32dd36fc1bfa2846a0c98f,confirmed_twins_gallery|safe_iou70_twin,1.0,2026-08-09
644c556ebc3fc0c4345e328f8523308c,confirmed_twins_gallery|safe_iou70_twin,1.0,2026-08-09
647f4dabc53f943acbffbde9db87e35e,confirmed_twins_gallery|lower_iou_implied_twin,1.0,2026-08-09
64836a799f01a425ff277deed36210cf,confirmed_twins_gallery|lower_iou_implied_twin,1.0,2026-08-09
64bad048716c6feb71b7e86d4de897ef,confirmed_twins_gallery|lower_iou_implied_twin,1.0,2026-08-09
64e7f3ba0ab29790d1ad571eed45f655,confirmed_twins_gallery|safe_iou70_twin,1.0,2026-08-09
658be675223ffa5509203009eb7bba89,confirmed_twins_gallery|safe_iou70_twin,1.0,2026-08-09
65cf80cfe609bc8c8a5268c72dcbacd4,confirmed_twins_gallery|safe_iou70_twin,1.0,2026-08-09
66c2c9894033a7e09a33548f4e51c2be,confirmed_twins_gallery|safe_iou70_twin,1.0,2026-08-09
66cad79a848b2b9476a2517a80314327,confirmed_twins_gallery|safe_iou70_twin,1.0,2026-08-09
66f04788a17915feba394290384e13a4,confirmed_twins_gallery|safe_iou70_twin,1.0,2026-08-09
66f5cc9041b6485114cf9555c31e908d,confirmed_twins_gallery|lower_iou_implied_twin,1.0,2026-08-09
67319450f16093d1be341212bc57c86f,confirmed_twins_gallery|safe_iou70_twin,1.0,2026-08-09
6748bc59dcdccfef45a9f45c1dac18a1,confirmed_twins_gallery|safe_iou70_twin,1.0,2026-08-09
67bc9a23a87b07457464561b22515733,confirmed_twins_gallery|safe_iou70_twin,1.0,2026-08-09
67e855cca15a9930d065bf9f14241b41,confirmed_twins_gallery|safe_iou70_twin,1.0,2026-08-09
685903725349cde80b2be656ab872194,confirmed_twins_gallery|safe_iou70_twin,1.0,2026-08-09
687caedb62d68fd4692af68d695efc1c,confirmed_twins_gallery|safe_iou70_twin,1.0,2026-08-09
68a362123aff27d79dbc5284a948030c,confirmed_twins_gallery|rescan:user_decisions_so_far.csv,4.0,2026-08-09
68e3ae430a2afe28f0f09ba08891145c,confirmed_twins_gallery|safe_iou70_twin,1.0,2026-08-09
68e6f2bbdbb308624ed004484a1da2b8,confirmed_twins_gallery|lower_iou_implied_twin,1.0,2026-08-09
6976004fb0e04f4435b0e1e127032881,confirmed_twins_gallery|safe_iou70_twin,1.0,2026-08-09
69a68245b813fb5a105dff02d32c6143,legacy_forced_drop,3.0,2026-08-09
69d6fdc8e8bed1323f7dd9055aeb0e6b,confirmed_twins_gallery|lower_iou_implied_twin,1.0,2026-08-09
69e1d84705d16c89fb361da179c7303e,confirmed_twins_gallery|lower_iou_implied_twin,1.0,2026-08-09
69f32b20f51e4166809a29e594764865,confirmed_twins_gallery|safe_iou70_twin,1.0,2026-08-09
6a5cc0b66b8d4af9c13f1303c6de5ffb,confirmed_twins_gallery|safe_iou70_twin,1.0,2026-08-09
6be53a9c6190b5a9240fac9b5b5eef58,confirmed_twins_gallery|safe_iou70_twin,1.0,2026-08-09
6c3599d5faf73b34fe8d64fac9368483,confirmed_twins_gallery|lower_iou_implied_twin,1.0,2026-08-09
6cbc6f7259cb45a4086cd584aec53857,confirmed_twins_gallery|rescan:PROPOSAL_A_final_drops.csv,4.0,2026-08-09
6cd581a4c4e0314e1479c0c4a24f4eb3,confirmed_twins_gallery|safe_iou70_twin,1.0,2026-08-09
6d4e9ec6aafe17b5e3b2845905610c2a,confirmed_twins_gallery|safe_iou70_twin,1.0,2026-08-09
6d5cb5353d700dfd4e6380508535e41b,confirmed_twins_gallery|lower_iou_implied_twin,1.0,2026-08-09
6db636a5372b53a603ac3a5bde9abba0,confirmed_twins_gallery|safe_iou70_twin,1.0,2026-08-09
6ddb61c8bad32ffc60da3a6c96e85b49,confirmed_twins_gallery|safe_iou70_twin,1.0,2026-08-09
6deb79f9bae408e2b5bec3b5bb5414dd,confirmed_twins_gallery|safe_iou70_twin,1.0,2026-08-09
6e1fa7c1156d3e0dda56638b893d86b6,confirmed_twins_gallery|safe_iou70_twin,1.0,2026-08-09
6e9f8456612b8c7ee6c4a5027539bf80,confirmed_twins_gallery|safe_iou70_twin,1.0,2026-08-09
6ef357192c2530ee54e1bd38a3231e00,confirmed_twins_gallery|safe_iou70_twin,1.0,2026-08-09
6f7964ccd7bf337793b91b0a2c4266ca,confirmed_twins_gallery|safe_iou70_twin,1.0,2026-08-09
6fe956eb5739f0877752cba783828cd2,confirmed_twins_gallery|safe_iou70_twin,1.0,2026-08-09
700a11960e7458ed75689c47eeebe141,confirmed_twins_gallery|lower_iou_implied_twin,1.0,2026-08-09
7011aee2bad0c61f658a9e50aa0469e3,confirmed_twins_gallery|safe_iou70_twin,1.0,2026-08-09
70537a4b7d85e72fb377f1ced5ebd5a2,confirmed_twins_gallery|safe_iou70_twin,1.0,2026-08-09
70f608a3fafa4e75e3201a78962109b0,confirmed_twins_gallery|lower_iou_implied_twin,1.0,2026-08-09
7105b8ee8d4c00c513b334fdfdcd6c49,confirmed_twins_gallery|safe_iou70_twin,1.0,2026-08-09
714fe03e012bb674fd7f3fc8f6763c3e,confirmed_twins_gallery|lower_iou_implied_twin,1.0,2026-08-09
71a3a451b367b93c6128e26c1516379d,confirmed_twins_gallery|safe_iou70_twin,1.0,2026-08-09
71f3ff8361e8d200a0b497ec2cdc2097,confirmed_twins_gallery|safe_iou70_twin,1.0,2026-08-09
71fc7343524aad2c6953b454f7dce67c,confirmed_twins_gallery|lower_iou_implied_twin,1.0,2026-08-09
72273ecaf2d7de847ce3555519a6257a,confirmed_twins_gallery|lower_iou_implied_twin,1.0,2026-08-09
72aa3eb389001c2e3ceeb58e7b48dfe9,confirmed_twins_gallery|safe_iou70_twin,1.0,2026-08-09
72bac273a1df78ff5d3c8628a95f8fba,confirmed_twins_gallery|safe_iou70_twin,1.0,2026-08-09
72e996bf235d7bcec83fd9c8f7de1977,confirmed_twins_gallery|lower_iou_implied_twin,1.0,2026-08-09
72ef48dc4b05d21859f3842c373e5216,confirmed_twins_gallery|lower_iou_implied_twin,1.0,2026-08-09
735ed10b9f870ff45482454f55b1d807,confirmed_twins_gallery|safe_iou70_twin,1.0,2026-08-09
73b0a645fdadb31c74ffba963d4350bc,confirmed_twins_gallery|safe_iou70_twin,1.0,2026-08-09
742e58363ad59930dd29cd4d23e3e2e0,confirmed_twins_gallery|safe_iou70_twin,1.0,2026-08-09
7436cdbf9876ac812cdc3ea7557aadaa,confirmed_twins_gallery|lower_iou_implied_twin,1.0,2026-08-09
745fb454d6a8791d6cd69d1aa4dc90ba,confirmed_twins_gallery|safe_iou70_twin,1.0,2026-08-09
745ff65e8c4d1006694049e1da8b938b,confirmed_twins_gallery|lower_iou_implied_twin,1.0,2026-08-09
746b95b3a32975082d0ad357527ad701,confirmed_twins_gallery|lower_iou_implied_twin,1.0,2026-08-09
746cfe9ab71459d51eb0fbdb72348ae8,confirmed_twins_gallery|lower_iou_implied_twin,1.0,2026-08-09
749bbeaeb604f1b95ef49b17f9ffa417,confirmed_twins_gallery|safe_iou70_twin,1.0,2026-08-09
750cf428f4f94ee2c4142320505b57e2,confirmed_twins_gallery|lower_iou_implied_twin,1.0,2026-08-09
753743ff6e00c61a67516723909f71d7,confirmed_twins_gallery|safe_iou70_twin,1.0,2026-08-09
7537c295737f3a982a8859919c962c66,confirmed_twins_gallery|safe_iou70_twin,1.0,2026-08-09
757b927de93c8083c392f2248529d29a,user_multi_inner_twin,4.0,2026-08-09
759b9eca357202fc550e17cf10daed11,confirmed_twins_gallery|safe_iou70_twin,1.0,2026-08-09
767cafac7ddffdb276f3f31b61c1b7ea,confirmed_twins_gallery|safe_iou70_twin,1.0,2026-08-09
76a8ff1f9493e07c2e6cd013e3ee0d49,confirmed_twins_gallery|lower_iou_implied_twin,1.0,2026-08-09
76c8934b7350a3ad777b94f624390dbf,confirmed_twins_gallery|lower_iou_implied_twin,1.0,2026-08-09
771b4d1f002ddd740017d6e4371df8d0,confirmed_twins_gallery|safe_iou70_twin,1.0,2026-08-09
773d5f35cb242573885d18d302a9157c,confirmed_twins_gallery|rescan:user_rescan_safe_page1_decisions.csv,4.0,2026-08-09
773e080a5857ba8c0669c435af2f1095,confirmed_twins_gallery|lower_iou_implied_twin,1.0,2026-08-09
78bd2af7d449cc2185aaf861f61531aa,confirmed_twins_gallery|safe_iou70_twin,1.0,2026-08-09
78d0d8888cb53a305dd5931d7cdb84eb,confirmed_twins_gallery|lower_iou_implied_twin,1.0,2026-08-09
798b6d2cc34c30279d4155deebf16647,confirmed_twins_gallery|safe_iou70_twin,1.0,2026-08-09
798bad8db4b90b6a0c012465a8fbc344,confirmed_twins_gallery|safe_iou70_twin,1.0,2026-08-09
79d835c5885552240b7e7dd5a5201dde,confirmed_twins_gallery|safe_iou70_twin,1.0,2026-08-09
7a0a36bc6119e3d78474e6c8ca875725,confirmed_twins_gallery|safe_iou70_twin,1.0,2026-08-09
7a1b601b146af835cef2bc71ea599c65,confirmed_twins_gallery|safe_iou70_twin,1.0,2026-08-09
7c440d8eb7dbda63b0b45b7773fa8279,confirmed_twins_gallery|lower_iou_implied_twin,1.0,2026-08-09
7c9f666901629ca31c8dad289aa18211,confirmed_twins_gallery|safe_iou70_twin,1.0,2026-08-09
7d87113027d6155a406eb732e2355040,confirmed_twins_gallery|lower_iou_implied_twin,1.0,2026-08-09
7e33e3ef6468638fc307b42f5b78e98e,confirmed_twins_gallery|lower_iou_implied_twin,1.0,2026-08-09
7e6194d098fcf07efafbe3803cb4c321,confirmed_twins_gallery|safe_iou70_twin,1.0,2026-08-09
7ec551736c90480bb8a6fafa54f3bf97,confirmed_twins_gallery|safe_iou70_twin,1.0,2026-08-09
7f15c706a91ae8c7ccbfaae1897aa024,confirmed_twins_gallery|safe_iou70_twin,1.0,2026-08-09
7f57053f651025603c6b4246acd0ba54,confirmed_twins_gallery|safe_iou70_twin,1.0,2026-08-09
7fe78b22d81b42d3bc08fca264448aa0,confirmed_twins_gallery|safe_iou70_twin,1.0,2026-08-09
80e3e86105889bdd720cc50a512cef2f,confirmed_twins_gallery|lower_iou_implied_twin,1.0,2026-08-09
810482a949cbe7f5cd785a1dd9f0122c,confirmed_twins_gallery|safe_iou70_twin,1.0,2026-08-09
813691e100f1c3df95efc0113bf36e48,confirmed_twins_gallery|safe_iou70_twin,1.0,2026-08-09
8143e5473a650fd79750a6b4cf7c52e1,confirmed_twins_gallery|safe_iou70_twin,1.0,2026-08-09
81b61c22e893d8f7d5d9a32e6ff1bc3c,confirmed_twins_gallery|safe_iou70_twin,1.0,2026-08-09
81b6b10c60f38572abf01c112ca59646,confirmed_twins_gallery|lower_iou_implied_twin,1.0,2026-08-09
828b6eff01c7a265a2f6812b89744860,confirmed_twins_gallery|lower_iou_implied_twin,1.0,2026-08-09
835c2db7726b399c38e5e53f1c326ab6,confirmed_twins_gallery|lower_iou_implied_twin,1.0,2026-08-09
8364aaf55439cd2b1207b7bfa35d79a2,confirmed_twins_gallery|safe_iou70_twin,1.0,2026-08-09
8410fae68bb5de5c8c1b080810903bed,confirmed_twins_gallery|safe_iou70_twin,1.0,2026-08-09
8423df90dddd142668c18b6ab5ff7f17,confirmed_twins_gallery|lower_iou_implied_twin,1.0,2026-08-09
848d1942cc5b7feb97cc03d3ad08d6f9,confirmed_twins_gallery|safe_iou70_twin,1.0,2026-08-09
8495f8040d55ab4ac000fd91a137b0e1,confirmed_twins_gallery|lower_iou_implied_twin,1.0,2026-08-09
84ea71bf97d02addf393ea467a336996,confirmed_twins_gallery|safe_iou70_twin,1.0,2026-08-09
850b9fffc6972f75431db42dd07845a9,confirmed_twins_gallery|user_multi_C35_55_explicit_drop,3.0,2026-08-09
8520e95c49091fe5676146fcedfb3793,confirmed_twins_gallery|safe_iou70_twin,1.0,2026-08-09
8596a2f7e68a0e11a5653fb2457db08f,confirmed_twins_gallery|rescan:PROPOSAL_A_final_drops.csv,4.0,2026-08-09
85b7b5e97f0556d09761a365234f1ac5,confirmed_twins_gallery|lower_iou_implied_twin,1.0,2026-08-09
85ec340020fb63c782e84901880e8684,confirmed_twins_gallery|lower_iou_implied_twin,1.0,2026-08-09
8634ef0b80d1353887839c0a4a36e074,confirmed_twins_gallery|safe_iou70_twin,1.0,2026-08-09
8679a305ae1cb7b2ed35c30529650e47,confirmed_twins_gallery|safe_iou70_twin,1.0,2026-08-09
867b4fa9b0b2cc3aa0bafe948d72804a,confirmed_twins_gallery|safe_iou70_twin,1.0,2026-08-09
8690e050e07c2c2aa86f442125b3424f,confirmed_twins_gallery|safe_iou70_twin,1.0,2026-08-09
86a2e973602ec382660c072fa42ca670,confirmed_twins_gallery|safe_iou70_twin,1.0,2026-08-09
86d4621be3deca4f8d461e3abce7d585,confirmed_twins_gallery|safe_iou70_twin,1.0,2026-08-09
86fad088e10612415bb805aa7d53e387,confirmed_twins_gallery|safe_iou70_twin,1.0,2026-08-09
86ffb5b169bb7a72dffdf930233a446a,confirmed_twins_gallery|lower_iou_implied_twin,1.0,2026-08-09
87099c2824149296269d9a9598f68af6,confirmed_twins_gallery|safe_iou70_twin,1.0,2026-08-09
871e9ccf18d457762de141db98a043e7,confirmed_twins_gallery|safe_iou70_twin,1.0,2026-08-09
872dc7b2f6261284df1088e4ef2f8256,confirmed_twins_gallery|lower_iou_implied_twin,1.0,2026-08-09
8751f19f273f69ba8ea5c49dc9dd4654,confirmed_twins_gallery|safe_iou70_twin,1.0,2026-08-09
876d25db23f2f8ed17646186a30bb263,confirmed_twins_gallery|safe_iou70_twin,1.0,2026-08-09
877b69359277cf787d93cd17f4d2775a,confirmed_twins_gallery|safe_iou70_twin,1.0,2026-08-09
880a1fc64038757f0a332bdf8b81ef05,confirmed_twins_gallery|safe_iou70_twin,1.0,2026-08-09
886682be4f834c17abfcbd5137374279,confirmed_twins_gallery|safe_iou70_twin,1.0,2026-08-09
88bde4c99e9dff4e732dd21be1bb939b,confirmed_twins_gallery|safe_iou70_twin,1.0,2026-08-09
89312c1f707db54b1efe684669e62fe9,confirmed_twins_gallery|safe_iou70_twin,1.0,2026-08-09
8966778378acb202c1d6686486ba6039,confirmed_twins_gallery|safe_iou70_twin,1.0,2026-08-09
89912d7c7ffbad7504be4a75676fa4c2,confirmed_twins_gallery|safe_iou70_twin,1.0,2026-08-09
89b62c165838d36fd294a57624db8e4f,confirmed_twins_gallery|safe_iou70_twin,1.0,2026-08-09
89d9673df0dede5b57c52f98b43c1f9e,confirmed_twins_gallery|safe_iou70_twin,1.0,2026-08-09
89f418346fc412a6458aaa05a224af3a,confirmed_twins_gallery|safe_iou70_twin,1.0,2026-08-09
8ae069858aecbad846f4d69d405f9bd6,confirmed_twins_gallery|safe_iou70_twin,1.0,2026-08-09
8af54c71033c8019017490db924dab70,confirmed_twins_gallery|safe_iou70_twin,1.0,2026-08-09
8b1293493098a9bd999ef0c0dfdee134,confirmed_twins_gallery|safe_iou70_twin,1.0,2026-08-09
8b36508994d132ac03c5effd255b6eaf,confirmed_twins_gallery|safe_iou70_twin,1.0,2026-08-09
8b44ccec7265270e0524c5ab658d1344,confirmed_twins_gallery|safe_iou70_twin,1.0,2026-08-09
8c5c7ff38873658e6047f7bd39ba0a98,confirmed_twins_gallery|safe_iou70_twin,1.0,2026-08-09
8d4d03f080d431387a79cfbca4065dbd,confirmed_twins_gallery|safe_iou70_twin,1.0,2026-08-09
8d58a0c1160a5cea99d5073231becd89,confirmed_twins_gallery|lower_iou_implied_twin,1.0,2026-08-09
8d90013d52788c1e2f5f47ad80e65d48,confirmed_twins_gallery|lower_iou_implied_twin,1.0,2026-08-09
8d9bf04e714c959d4c571030c51ee9f5,confirmed_twins_gallery|safe_iou70_twin,1.0,2026-08-09
8dd1d17e02123008c58b1ab3652a613f,confirmed_twins_gallery|safe_iou70_twin,1.0,2026-08-09
8e1caeb7b30b4cf3b1d07e777aca6a67,confirmed_twins_gallery|lower_iou_implied_twin,1.0,2026-08-09
8e244ea370ffdb16c4d50bd271c538a8,confirmed_twins_gallery|lower_iou_implied_twin,1.0,2026-08-09
8e3e843a0eebb79b5ed06f97c078eb87,confirmed_twins_gallery|lower_iou_implied_twin,1.0,2026-08-09
8e9fa23bd67888cbddd7203f3a2db9fe,confirmed_twins_gallery|lower_iou_implied_twin,1.0,2026-08-09
8f264374ed3fa427615c1650218e7f21,confirmed_twins_gallery|safe_iou70_twin,1.0,2026-08-09
8f4163f9e76ce4d47678985228bace09,confirmed_twins_gallery|safe_iou70_twin,1.0,2026-08-09
8fb12946881047895dd14ed095a99367,confirmed_twins_gallery|lower_iou_implied_twin,1.0,2026-08-09
903c88d5dc12315b4f6e9d6ad6b82537,confirmed_twins_gallery|safe_iou70_twin,1.0,2026-08-09
9064f0eb9ef8bbb376649033116fc380,confirmed_twins_gallery|lower_iou_implied_twin,1.0,2026-08-09
90b46d166cca71d23d7158ce41f5863c,confirmed_twins_gallery|safe_iou70_twin,1.0,2026-08-09
90bded96836ea370356065826e6e5824,confirmed_twins_gallery|safe_iou70_twin,1.0,2026-08-09
90d0e6728b0cae76570b1abb459b522a,confirmed_twins_gallery|lower_iou_implied_twin,1.0,2026-08-09
91a40f207d9a99e49866c204e28ce521,confirmed_twins_gallery|lower_iou_implied_twin,1.0,2026-08-09
91cda229f5cca86a0d2c7bf78cfce02c,confirmed_twins_gallery|lower_iou_implied_twin,1.0,2026-08-09
91dd982fbff7aa72802fbd7391cd2eff,confirmed_twins_gallery|lower_iou_implied_twin,1.0,2026-08-09
920249b849efbeedab4cbfe37d735404,confirmed_twins_gallery|lower_iou_implied_twin,1.0,2026-08-09
92a7876fa3e636c7cae555a615c6c192,confirmed_twins_gallery|lower_iou_implied_twin,1.0,2026-08-09
92fa83d9c589d7c819d52fd8ab461241,confirmed_twins_gallery|lower_iou_implied_twin,1.0,2026-08-09
949b9f749f20ec960b36bd2fe50ac056,confirmed_twins_gallery|lower_iou_implied_twin,1.0,2026-08-09
94a91bf6dc832eda6a8f9fc70aae77bb,confirmed_twins_gallery|safe_iou70_twin,1.0,2026-08-09
94ad34192c1c300da99532bb24fd7bf3,confirmed_twins_gallery|lower_iou_implied_twin,1.0,2026-08-09
94e121bc4a7091b881e8dd9b6c2be6b5,confirmed_twins_gallery|rescan:PROPOSAL_A_final_drops.csv,4.0,2026-08-09
950719887cff5ded2cd4a8b4b1f76efb,confirmed_twins_gallery|lower_iou_implied_twin,1.0,2026-08-09
955f09b99664b07b0cf18768c84f2253,confirmed_twins_gallery|safe_iou70_twin,1.0,2026-08-09
95687706ffc4a2750ca1709258cc88de,confirmed_twins_gallery|lower_iou_implied_twin,1.0,2026-08-09
957b6739a057adf1eef9ff91f31afe43,confirmed_twins_gallery|lower_iou_implied_twin,1.0,2026-08-09
9599d5f691b56b56aac30664afa7ef45,confirmed_twins_gallery|safe_iou70_twin,1.0,2026-08-09
96415990a25ee1d758a8bc7ae97d593f,confirmed_twins_gallery|safe_iou70_twin,1.0,2026-08-09
964e3c2fc696bb6d6147b24dacabd54d,confirmed_twins_gallery|safe_iou70_twin,1.0,2026-08-09
96907a7abf71ca7e5e48b36514d6c7f2,confirmed_twins_gallery|safe_iou70_twin,1.0,2026-08-09
96dfad49d9f2d8eebfc93fa5aee86b42,confirmed_twins_gallery|safe_iou70_twin,1.0,2026-08-09
96ebc7a4719a1f87e0d0c6623e32e48a,confirmed_twins_gallery|safe_iou70_twin,1.0,2026-08-09
96fe9eb038ba77992ff6fd1b16ae9427,confirmed_twins_gallery|lower_iou_implied_twin,1.0,2026-08-09
9716b5d2e13a28be3dc836134153720c,confirmed_twins_gallery|user_multi_C35_55_explicit_drop,3.0,2026-08-09
972205a215810bf6fe377303bfbe80de,confirmed_twins_gallery|lower_iou_implied_twin,1.0,2026-08-09
9732d77870c47958a27d32126266ef89,confirmed_twins_gallery|safe_iou70_twin,1.0,2026-08-09
97425535f7cd9edbfdcebb3d9fdce17b,confirmed_twins_gallery|safe_iou70_twin,1.0,2026-08-09
9761fb9e15e37b85ea603dbedd0db804,confirmed_twins_gallery|safe_iou70_twin,1.0,2026-08-09
97a83309575b765469e6a09250d92170,confirmed_twins_gallery|safe_iou70_twin,1.0,2026-08-09
97b36902754bad28b6fd335ddfc6db55,confirmed_twins_gallery|lower_iou_implied_twin,1.0,2026-08-09
97bf4d65f07954809658e01478408637,confirmed_twins_gallery|lower_iou_implied_twin,1.0,2026-08-09
97e55431d1082822b2aee62193b952ed,confirmed_twins_gallery|safe_iou70_twin,1.0,2026-08-09
98ee892e5c8c6f3f01d3f1705f16401e,confirmed_twins_gallery|lower_iou_implied_twin,1.0,2026-08-09
991b6a11393bf5d10e91a50f581cba68,confirmed_twins_gallery|safe_iou70_twin,1.0,2026-08-09
9921310eb85fdef96f5ec4b5bea102c5,confirmed_twins_gallery|safe_iou70_twin,1.0,2026-08-09
99a799d89d57d1dd0b40728a6b7796ee,confirmed_twins_gallery|safe_iou70_twin,1.0,2026-08-09
99b5e6120fe11690a3f36994f2dba580,confirmed_twins_gallery|lower_iou_implied_twin,1.0,2026-08-09
99bc60c2d554be9304993efa0a5ef740,confirmed_twins_gallery|lower_iou_implied_twin,1.0,2026-08-09
99c6eb1d87928dfae4d098276b85b98c,confirmed_twins_gallery|safe_iou70_twin,1.0,2026-08-09
99f60de23ae443fc267155050cf905eb,confirmed_twins_gallery|lower_iou_implied_twin,1.0,2026-08-09
99fb9478334093d729eeb281d522ed63,confirmed_twins_gallery|safe_iou70_twin,1.0,2026-08-09
9a22abb1da9fc91bb8ae7b91bfe1451e,confirmed_twins_gallery|rescan:user_rescan_multi_c47_9a22_decisions.csv,4.0,2026-08-09
9af692888cef9a1698853f1424cc6fe2,confirmed_twins_gallery|safe_iou70_twin,1.0,2026-08-09
9b56f501c6765027cce8a1a8ad797767,confirmed_twins_gallery|safe_iou70_twin,1.0,2026-08-09
9b6cbe06b1f3e5620fd9ac5e69a8cb4e,confirmed_twins_gallery|safe_iou70_twin,1.0,2026-08-09
9b78976098554461d749dc6ea6afc9ba,confirmed_twins_gallery|safe_iou70_twin,1.0,2026-08-09
9bc70f1bfc8dbca7c881616b0198edcb,confirmed_twins_gallery|safe_iou70_twin,1.0,2026-08-09
9bc88ce8ad471cce57ed97cd33cb7f35,confirmed_twins_gallery|safe_iou70_twin,1.0,2026-08-09
9bee26fca37e17fccd88264bece3d921,confirmed_twins_gallery|lower_iou_implied_twin,1.0,2026-08-09
9c51659368b9df260684b25ecaca3f77,confirmed_twins_gallery|lower_iou_implied_twin,1.0,2026-08-09
9c86cbfe613e532936220f1c325cd108,confirmed_twins_gallery|lower_iou_implied_twin,1.0,2026-08-09
9cacb539b16561b6987029301b5f4bff,confirmed_twins_gallery|safe_iou70_twin,1.0,2026-08-09
9cd1f9700bb8591c07051ddd50ccdbe7,confirmed_twins_gallery|lower_iou_implied_twin,1.0,2026-08-09
9e06a908007f1dd46183826db9e80511,confirmed_twins_gallery|safe_iou70_twin,1.0,2026-08-09
9e3843c81ae2badfb22d9a46813d4470,confirmed_twins_gallery|safe_iou70_twin,1.0,2026-08-09
9e9ace16f4d20d98a65d3936b953f442,confirmed_twins_gallery|safe_iou70_twin,1.0,2026-08-09
9ec64c6c8719927e925732777d70254c,confirmed_twins_gallery|safe_iou70_twin,1.0,2026-08-09
9effeea56c413b92340b89d1240769c1,confirmed_twins_gallery|rescan:PROPOSAL_A_final_drops.csv,4.0,2026-08-09
9fa42d765e1d7d376d4fddc4c590ab37,confirmed_twins_gallery|safe_iou70_twin,1.0,2026-08-09
9ffb0d108038b5e91cf647c4f4b61318,confirmed_twins_gallery|safe_iou70_twin,1.0,2026-08-09
a04e7045f6c84f25498e256ebff77ac2,confirmed_twins_gallery|safe_iou70_twin,1.0,2026-08-09
a068d48cb0127a48b4b8c8574b39a2e3,confirmed_twins_gallery|safe_iou70_twin,1.0,2026-08-09
a07104de6e1e00d2afcec36c7879836f,confirmed_twins_gallery|safe_iou70_twin,1.0,2026-08-09
a0a19caa7f2b6ff84b3e5cf0aa3fc68e,confirmed_twins_gallery|lower_iou_implied_twin,1.0,2026-08-09
a10cb9e1dcf60863dba57e77c45de0c5,confirmed_twins_gallery|lower_iou_implied_twin,1.0,2026-08-09
a1182a350f2f7c5b6d75aacaf5aededc,confirmed_twins_gallery|lower_iou_implied_twin,1.0,2026-08-09
a14885c7da6514c0523a6977e2b205a4,confirmed_twins_gallery|safe_iou70_twin,1.0,2026-08-09
a23accdd92c621553d8e58b8b40eed83,confirmed_twins_gallery|lower_iou_implied_twin,1.0,2026-08-09
a273a79b0d6373074b9f75aafd1dd11c,confirmed_twins_gallery|safe_iou70_twin,1.0,2026-08-09
a279b450a867eb7acc4d2ef0731b3352,confirmed_twins_gallery|safe_iou70_twin,1.0,2026-08-09
a28b628b33608b2cdadff12fc6aa2537,user_multi_inner_twin,4.0,2026-08-09
a295321349862720b6541d443b46ee33,confirmed_twins_gallery|safe_iou70_twin,1.0,2026-08-09
a2f1af7bf2b86cdabfcffe65d8424a3a,confirmed_twins_gallery|safe_iou70_twin,1.0,2026-08-09
a34c0d728771285a18dfb156259eb817,confirmed_twins_gallery|safe_iou70_twin,1.0,2026-08-09
a36b91d58c9dae658708fac3ae14b969,confirmed_twins_gallery|lower_iou_implied_twin,1.0,2026-08-09
a3ca38ce1d10c44103ba22d137be7c08,confirmed_twins_gallery|safe_iou70_twin,1.0,2026-08-09
a3da6a9b33b3bbbbc3a2121a06a75ee3,confirmed_twins_gallery|safe_iou70_twin,1.0,2026-08-09
a3fa13e9535729ec9cb08f17bc8c03cc,confirmed_twins_gallery|lower_iou_implied_twin,1.0,2026-08-09
a44fd7663c5ae9bfd375e6dc75b497f6,confirmed_twins_gallery|safe_iou70_twin,1.0,2026-08-09
a48b27a0f0f78595b8d71a4b373acf81,confirmed_twins_gallery|lower_iou_implied_twin|user_multi_C35_55_explicit_drop,3.0,2026-08-09
a55cc8df950bcadf4cd61ff470d74246,confirmed_twins_gallery|lower_iou_implied_twin,1.0,2026-08-09
a58d6425e3c86c6d532cd57dc7504c13,confirmed_twins_gallery|safe_iou70_twin,1.0,2026-08-09
a5b9d82b7e211bf9e5d65ee738236366,confirmed_twins_gallery|lower_iou_implied_twin,1.0,2026-08-09
a5e35549c722d53da64190d30859d7f3,confirmed_twins_gallery|safe_iou70_twin,1.0,2026-08-09
a5e5be1ada0cffbfa2e935d487d32539,confirmed_twins_gallery|lower_iou_implied_twin,1.0,2026-08-09
a5f7e4be7d541aeab8b4b45f9a681300,confirmed_twins_gallery|lower_iou_implied_twin,1.0,2026-08-09
a6c30b9c00539ff6e70c8fc774232c61,confirmed_twins_gallery|safe_iou70_twin,1.0,2026-08-09
a6f080dbb9bf42ed3e8510972595c71c,confirmed_twins_gallery|safe_iou70_twin,1.0,2026-08-09
a6fac45c289010871304ffaf13f94d39,confirmed_twins_gallery|lower_iou_implied_twin,1.0,2026-08-09
a8133622df02940b40d4dc7c6c0b2712,confirmed_twins_gallery|lower_iou_implied_twin,1.0,2026-08-09
a81c58ea428c6c69d39e3555c2ace373,confirmed_twins_gallery|safe_iou70_twin,1.0,2026-08-09
aa47209a146185e3bea1fa18b904304a,confirmed_twins_gallery|lower_iou_implied_twin,1.0,2026-08-09
aa5f6291ddf9631c11f89925308051ed,confirmed_twins_gallery|safe_iou70_twin,1.0,2026-08-09
aa68bce6e7fd266e9839f591296166b0,confirmed_twins_gallery|safe_iou70_twin,1.0,2026-08-09
aa9be7d9f82e983d21e2746078b877d9,confirmed_twins_gallery|safe_iou70_twin,1.0,2026-08-09
aadc8c10f196efb7e460e0c424aec805,confirmed_twins_gallery|safe_iou70_twin,1.0,2026-08-09
ab4a7247e87d9cd8b7106a64b3dda927,confirmed_twins_gallery|safe_iou70_twin,1.0,2026-08-09
ac2980962fa337ca0527b396bc62cf07,confirmed_twins_gallery|lower_iou_implied_twin,1.0,2026-08-09
ac32c2c755e496c5e7bc1949b78d36c9,confirmed_twins_gallery|safe_iou70_twin,1.0,2026-08-09
ac5d45906b56238e99d3f46ac94b35fc,confirmed_twins_gallery|lower_iou_implied_twin,1.0,2026-08-09
ad0c63c4474947e4fe009453a3a6147d,confirmed_twins_gallery|safe_iou70_twin,1.0,2026-08-09
ad155660b0018e92984f4ea49e246731,confirmed_twins_gallery|lower_iou_implied_twin,1.0,2026-08-09
ad1592d1b4b1f734e59a92f5ebef305b,confirmed_twins_gallery|safe_iou70_twin,1.0,2026-08-09
adced66ab9dcf618633efe9f1b837fcc,confirmed_twins_gallery|lower_iou_implied_twin,1.0,2026-08-09
ae73856854dae06ef0423afdc995e9c8,confirmed_twins_gallery|lower_iou_implied_twin,1.0,2026-08-09
aef75d4c390d838aabe56e2d601b6a13,confirmed_twins_gallery|safe_iou70_twin,1.0,2026-08-09
afd477abb13dea3e8d517efcb19233c2,confirmed_twins_gallery|lower_iou_implied_twin,1.0,2026-08-09
afe59339b8fe3ed8a390ccdf9030f6b1,confirmed_twins_gallery|safe_iou70_twin,1.0,2026-08-09
b0b0bb292409f1613351c5a4c2f6a25a,confirmed_twins_gallery|safe_iou70_twin,1.0,2026-08-09
b0db6c7062db390ce41581728f2ef122,confirmed_twins_gallery|safe_iou70_twin,1.0,2026-08-09
b0fd3778526aec216e7db68d267c0897,confirmed_twins_gallery|lower_iou_implied_twin,1.0,2026-08-09
b13078f2ae0a4dd072a3509ab1b1a0f0,confirmed_twins_gallery|lower_iou_implied_twin,1.0,2026-08-09
b13de5e3add05a187e393d0eef314891,confirmed_twins_gallery|safe_iou70_twin,1.0,2026-08-09
b168c7aff6ddf56a19625abf2803744c,confirmed_twins_gallery|safe_iou70_twin,1.0,2026-08-09
b19b678ac181c02332d1ba7acb6ba436,confirmed_twins_gallery|user_multi_C35_55_explicit_drop,3.0,2026-08-09
b1c8b92e790c28010a3f0678db6638fc,confirmed_twins_gallery|safe_iou70_twin,1.0,2026-08-09
b1ecc44ba2bffeba5ad09c2a339f40fa,confirmed_twins_gallery|lower_iou_implied_twin,1.0,2026-08-09
b1fbe9701b14bf285318abcbf002d5ea,confirmed_twins_gallery|safe_iou70_twin,1.0,2026-08-09
b25e5ec86bdfecb9335f0e683acfda87,confirmed_twins_gallery|safe_iou70_twin,1.0,2026-08-09
b276c39d60d16cdcca065940ed55eeb8,confirmed_twins_gallery|safe_iou70_twin,1.0,2026-08-09
b29e5425308f0f10cded9bb6c75b6049,confirmed_twins_gallery|safe_iou70_twin,1.0,2026-08-09
b30b0cebda476de77bec3bff2374cf68,confirmed_twins_gallery|safe_iou70_twin,1.0,2026-08-09
b368187a74f04f31a73030862c85e1b6,confirmed_twins_gallery|safe_iou70_twin,1.0,2026-08-09
b3853701d3e05b29f0e2c2bc0f85bd21,confirmed_twins_gallery|safe_iou70_twin,1.0,2026-08-09
b393b5fdb1c3810f70c422cca50ff720,confirmed_twins_gallery|lower_iou_implied_twin,1.0,2026-08-09
b4375e422395f7dfdaa2619d18929446,confirmed_twins_gallery|safe_iou70_twin,1.0,2026-08-09
b440e34f6b1bc9abd0844a7ed19a6b45,confirmed_twins_gallery|safe_iou70_twin,1.0,2026-08-09
b48211c0c0fba52fcc8d919d03ed005b,confirmed_twins_gallery|lower_iou_implied_twin,1.0,2026-08-09
b498ef879c259999363dafe50f2b7acc,confirmed_twins_gallery|safe_iou70_twin,1.0,2026-08-09
b4e5cfe0f1616168c2a4524202c85327,confirmed_twins_gallery|safe_iou70_twin,1.0,2026-08-09
b5343f9567df8a68c3276f8d8cdcc6a5,confirmed_twins_gallery|rescan:PROPOSAL_A_final_drops.csv,4.0,2026-08-09
b58d4168888e852385cc411b9bf9b783,confirmed_twins_gallery|lower_iou_implied_twin,1.0,2026-08-09
b5a7d649e169bf6e9c7dbbcab7354c8a,confirmed_twins_gallery|lower_iou_implied_twin,1.0,2026-08-09
b5ad6c0446b987d1f33df121e2512331,confirmed_twins_gallery|safe_iou70_twin,1.0,2026-08-09
b5b2f06981b22750480a201e7d3baea4,confirmed_twins_gallery|lower_iou_implied_twin,1.0,2026-08-09
b63cd7e9557adcd7ad081fd8bd069539,confirmed_twins_gallery|safe_iou70_twin,1.0,2026-08-09
b6bd9248ed2b894808d5a922f8c32d9f,confirmed_twins_gallery|safe_iou70_twin,1.0,2026-08-09
b6f6624565452fa6d2ca4edb00db4204,confirmed_twins_gallery|safe_iou70_twin,1.0,2026-08-09
b7295985832c4130a410a77f37061107,confirmed_twins_gallery|lower_iou_implied_twin,1.0,2026-08-09
b7932b71e15722e1908ad98af13d50fb,confirmed_twins_gallery|safe_iou70_twin,1.0,2026-08-09
b828e67db7b84d0d18b5498c8c185874,confirmed_twins_gallery|lower_iou_implied_twin,1.0,2026-08-09
b8affdee909004e05802b957c7d6e61c,confirmed_twins_gallery|user_multi_C35_55_explicit_drop,3.0,2026-08-09
b8f511d4afc6bed859861487f76a14d0,confirmed_twins_gallery|safe_iou70_twin,1.0,2026-08-09
b912445f14c14f0583f573db5be18d7a,confirmed_twins_gallery|lower_iou_implied_twin,1.0,2026-08-09
b95035c00e6e99f3b4e3cd210700f6ce,user_multi_inner_twin,4.0,2026-08-09
b9967e5cb3505cda331d9ab422127d51,confirmed_twins_gallery|safe_iou70_twin,1.0,2026-08-09
ba07ed13e035af4f49a9d6830685024c,confirmed_twins_gallery|lower_iou_implied_twin,1.0,2026-08-09
ba4a7100888e96520a047cbd8f889371,confirmed_twins_gallery|safe_iou70_twin,1.0,2026-08-09
baae8c3655a07ca543a7baa09b29bb52,confirmed_twins_gallery|safe_iou70_twin,1.0,2026-08-09
badbaf5d20db12b65b518ca473bfd12e,confirmed_twins_gallery|safe_iou70_twin,1.0,2026-08-09
bae29f6c79dd4b58689b3d7351a1da09,confirmed_twins_gallery|safe_iou70_twin,1.0,2026-08-09
bafd1d2508efae102d22e55633e9891f,confirmed_twins_gallery|lower_iou_implied_twin,1.0,2026-08-09
bb0dfd783c80c4485da90113a01ea8ae,confirmed_twins_gallery|safe_iou70_twin,1.0,2026-08-09
bb11bbc200cb4a84814ddc37a78eeb98,confirmed_twins_gallery|lower_iou_implied_twin,1.0,2026-08-09
bb2ab3d537fc2ff5eda009019226c37b,confirmed_twins_gallery|lower_iou_implied_twin,1.0,2026-08-09
bb2fb7ab470f27bfd02dd9a42b6c5255,confirmed_twins_gallery|safe_iou70_twin,1.0,2026-08-09
bbcd685ce62f785a441a2c8246fa93a6,confirmed_twins_gallery|safe_iou70_twin,1.0,2026-08-09
bc57d58be4d2adc326b4dd33e892d143,confirmed_twins_gallery|safe_iou70_twin,1.0,2026-08-09
bcaf9c8890c50757bd3624d5bd39c270,confirmed_twins_gallery|lower_iou_implied_twin,1.0,2026-08-09
bd4b881106dd6a8658ee1e9afdb1844f,confirmed_twins_gallery|lower_iou_implied_twin,1.0,2026-08-09
bd66532ff52dbf34da3607b05a1d8658,confirmed_twins_gallery|safe_iou70_twin,1.0,2026-08-09
bd794a0fe18a2b0705a024096c77bac6,confirmed_twins_gallery|safe_iou70_twin,1.0,2026-08-09
bd86f3cec249d54cd3bd64763da8612b,confirmed_twins_gallery|lower_iou_implied_twin,1.0,2026-08-09
bdeb7ab6c22749f3a39e5a88ee4a0fa4,confirmed_twins_gallery|safe_iou70_twin,1.0,2026-08-09
be24de51dde9ba0c9808dd4bbd28dda3,confirmed_twins_gallery|safe_iou70_twin,1.0,2026-08-09
be403ce415609008605d63396869ed2e,confirmed_twins_gallery|safe_iou70_twin,1.0,2026-08-09
beac155ed4bdcad4a5a4ce22717a6c58,confirmed_twins_gallery|safe_iou70_twin,1.0,2026-08-09
beb35c12ff6f8649daef79766c83750e,confirmed_twins_gallery|safe_iou70_twin,1.0,2026-08-09
bec80e876b9ffa8f24cf85beaa431667,confirmed_twins_gallery|safe_iou70_twin,1.0,2026-08-09
bf1b395053b3d584ccee60148cef87b3,confirmed_twins_gallery|safe_iou70_twin,1.0,2026-08-09
bfa0d8a65df9b8c5230599c120f5aa99,confirmed_twins_gallery|lower_iou_implied_twin,1.0,2026-08-09
bfc5aa2abac6018b587819bf87cb1f9a,rescan:user_rescan_safe_page1_decisions.csv,4.0,2026-08-09
bfcc9e5ac8e39cf903c5a70ca5f8e2e7,confirmed_twins_gallery|safe_iou70_twin,1.0,2026-08-09
bfd646393bd83e42b00c235a1082a6cf,confirmed_twins_gallery|safe_iou70_twin,1.0,2026-08-09
bfed9b44a06d5de60336ec6fe0365361,confirmed_twins_gallery|lower_iou_implied_twin,1.0,2026-08-09
c00150f4dde0bf6e3c62c57c33d77731,confirmed_twins_gallery|safe_iou70_twin,1.0,2026-08-09
c07ed66dfd3256b0d3500d8e46c4fd58,confirmed_twins_gallery|safe_iou70_twin,1.0,2026-08-09
c0a0956a39319920d02c5c4eb30c5e10,confirmed_twins_gallery|safe_iou70_twin,1.0,2026-08-09
c105c2ca793d49297acb88eb4eb49c76,confirmed_twins_gallery|safe_iou70_twin,1.0,2026-08-09
c115a53d035363f2cc49ed0b98934b9a,confirmed_twins_gallery|safe_iou70_twin,1.0,2026-08-09
c141ed8d4226eef5e743d77790063398,confirmed_twins_gallery|lower_iou_implied_twin,1.0,2026-08-09
c15bffae592596f8f566239c725ec577,confirmed_twins_gallery|lower_iou_implied_twin,1.0,2026-08-09
c16bffeed45057312c510c1a5547bdd1,confirmed_twins_gallery|lower_iou_implied_twin,1.0,2026-08-09
c176b834c3a5045ac074fb70637cfa8d,confirmed_twins_gallery|safe_iou70_twin,1.0,2026-08-09
c2097792be4e003096aada72e7317a66,confirmed_twins_gallery|safe_iou70_twin,1.0,2026-08-09
c2296406fa9de6a029e798d89a1c8734,confirmed_twins_gallery|safe_iou70_twin,1.0,2026-08-09
c23936489d103366825cbd33c09d921c,confirmed_twins_gallery|safe_iou70_twin,1.0,2026-08-09
c2701c13451133bb51ae89e03f77e88d,confirmed_twins_gallery|safe_iou70_twin,1.0,2026-08-09
c286cf324f3d429aaf5d3f903e5ce634,confirmed_twins_gallery|safe_iou70_twin,1.0,2026-08-09
c2cbc885637a451cb0218a599e1169c1,confirmed_twins_gallery|safe_iou70_twin,1.0,2026-08-09
c35e39e522cb0a93ecd114c71e72af05,confirmed_twins_gallery|safe_iou70_twin,1.0,2026-08-09
c37af9634aac2e27a80dbc6f115f583c,confirmed_twins_gallery|safe_iou70_twin,1.0,2026-08-09
c3fbbd442c89676b42a2f49ef7428b30,confirmed_twins_gallery|safe_iou70_twin,1.0,2026-08-09
c445380a860360322df76605978e1618,confirmed_twins_gallery|safe_iou70_twin,1.0,2026-08-09
c4b1a10db8b0cdece7a1498b2fcbda7f,confirmed_twins_gallery|lower_iou_implied_twin,1.0,2026-08-09
c4bcc0bc2da6444a5e4300f7bd2f577c,confirmed_twins_gallery|safe_iou70_twin,1.0,2026-08-09
c500818f3a0e7d3a10a0c567e9665035,confirmed_twins_gallery|lower_iou_implied_twin,1.0,2026-08-09
c5935769ea277fc625da007d693f7cf2,confirmed_twins_gallery|safe_iou70_twin,1.0,2026-08-09
c59ab7f1ea4c892a0845646933cc3b60,confirmed_twins_gallery|safe_iou70_twin,1.0,2026-08-09
c5cd08b16fd00a4d27e66bc0b133c5fb,confirmed_twins_gallery|safe_iou70_twin,1.0,2026-08-09
c5e43f6957d317a37a98f97cb2b855a1,confirmed_twins_gallery|safe_iou70_twin,1.0,2026-08-09
c614dc18ffa37f8007c2aead39e65342,confirmed_twins_gallery|rescan:PROPOSAL_A_final_drops.csv,4.0,2026-08-09
c6441fa162ce23651c241f1014f96681,confirmed_twins_gallery|safe_iou70_twin,1.0,2026-08-09
c686992bf74305e9f9965fd85c15eb4d,confirmed_twins_gallery|lower_iou_implied_twin,1.0,2026-08-09
c6d58607cc6aeb36e4c1d65fed824e84,confirmed_twins_gallery|safe_iou70_twin,1.0,2026-08-09
c700a1b37758fd69f789af12118d12b9,confirmed_twins_gallery|safe_iou70_twin,1.0,2026-08-09
c7579439b6073eed35a3df5a541b3949,confirmed_twins_gallery|safe_iou70_twin,1.0,2026-08-09
c7a9409b4cc4821c6fb23346db4c2433,confirmed_twins_gallery|safe_iou70_twin,1.0,2026-08-09
c81f511f1a4c64ea7f20d8c47654632f,confirmed_twins_gallery|safe_iou70_twin,1.0,2026-08-09
c8a09a4ef05f4b37037251a76d8f5d68,confirmed_twins_gallery|lower_iou_implied_twin,1.0,2026-08-09
c8a621362f5189faa7df3a4e475126dc,confirmed_twins_gallery|lower_iou_implied_twin,1.0,2026-08-09
c8cb1c570b772e3f7943e254ba096e9e,confirmed_twins_gallery|safe_iou70_twin,1.0,2026-08-09
c8fa005ff34f3a8d77605437618f1878,confirmed_twins_gallery|safe_iou70_twin,1.0,2026-08-09
ca8d1d9139e69459bfbd3fdfbd909e8e,confirmed_twins_gallery|safe_iou70_twin,1.0,2026-08-09
cac4a6e019153f88b52ae2fba6b20cef,confirmed_twins_gallery|safe_iou70_twin,1.0,2026-08-09
cb3e71bd3331bf85370d0a3a3071f47c,confirmed_twins_gallery|safe_iou70_twin,1.0,2026-08-09
cbaaf646e582b153aa87262de00bd4a0,confirmed_twins_gallery|rescan:PROPOSAL_A_final_drops.csv,4.0,2026-08-09
cbf05dbfcf24b4fc7dded902c1ac37e3,confirmed_twins_gallery|lower_iou_implied_twin,1.0,2026-08-09
cbff820f299b577e2af5ed136b6ef6eb,confirmed_twins_gallery|safe_iou70_twin,1.0,2026-08-09
cc43f8965a64a1f22b3162b91e7a1bcf,confirmed_twins_gallery|lower_iou_implied_twin,1.0,2026-08-09
cc8e0db9056592acd465f3457bc06177,confirmed_twins_gallery|safe_iou70_twin,1.0,2026-08-09
ccc369b1011a0bf8ab0d11b2ac495bc8,confirmed_twins_gallery|safe_iou70_twin,1.0,2026-08-09
cd9c3b20829419695429f656fc340821,confirmed_twins_gallery|lower_iou_implied_twin,1.0,2026-08-09
cf2d2942b89d99574da83a3dea91d8fe,confirmed_twins_gallery|safe_iou70_twin,1.0,2026-08-09
cf7f123c8b625d018cd97190a3fb3d51,confirmed_twins_gallery|safe_iou70_twin,1.0,2026-08-09
cf811d5af1bb735310b1a7775cd2ee9f,confirmed_twins_gallery|safe_iou70_twin,1.0,2026-08-09
cf82146a7d5cfc712501c6471ccb882e,confirmed_twins_gallery|safe_iou70_twin,1.0,2026-08-09
d02c1da03b5ef4fb5ea6b793a3c1fc79,confirmed_twins_gallery|safe_iou70_twin,1.0,2026-08-09
d0461ccb7f1b70ee7dc3188422e246d9,confirmed_twins_gallery|safe_iou70_twin,1.0,2026-08-09
d086283d558caa08041b9f13b1580737,confirmed_twins_gallery|safe_iou70_twin,1.0,2026-08-09
d0bd34262db1f6c9753c6ead015e347f,confirmed_twins_gallery|safe_iou70_twin,1.0,2026-08-09
d0cb73c9ad19c13c6fe93cc2c61cc073,confirmed_twins_gallery|safe_iou70_twin,1.0,2026-08-09
d0fe5433525c2dd49ca417cc8a4c82e8,confirmed_twins_gallery|lower_iou_implied_twin,1.0,2026-08-09
d1088ba933bd7066a3a777f542f61fa6,confirmed_twins_gallery|safe_iou70_twin,1.0,2026-08-09
d11c87201830d5e0b853fe783ff28b70,confirmed_twins_gallery|lower_iou_implied_twin,1.0,2026-08-09
d12d9f200e1746eddbbe430243a46cb3,confirmed_twins_gallery|safe_iou70_twin,1.0,2026-08-09
d18c24df948f2d59ce38b6c97a0045d0,confirmed_twins_gallery|lower_iou_implied_twin,1.0,2026-08-09
d19246d956e226f8a41ad8848482c5fe,confirmed_twins_gallery|safe_iou70_twin,1.0,2026-08-09
d1df1946a0d00bdf843cbbedbe98fa4b,confirmed_twins_gallery|safe_iou70_twin,1.0,2026-08-09
d1ebc07cf1375909d41a2021249820e5,confirmed_twins_gallery|safe_iou70_twin,1.0,2026-08-09
d2a97eb750bf080454727f8b67a69d92,confirmed_twins_gallery|lower_iou_implied_twin,1.0,2026-08-09
d2c964910e2e8295fc329dd57918986f,confirmed_twins_gallery|safe_iou70_twin,1.0,2026-08-09
d2e8ff5257ef522c1d7bef30c96d06df,user_multi_inner_twin,4.0,2026-08-09
d41a958db22d495ee02e9672d1a3e532,confirmed_twins_gallery|safe_iou70_twin,1.0,2026-08-09
d4dcb1cd15053d17de19d2d63ddcb173,confirmed_twins_gallery|safe_iou70_twin,1.0,2026-08-09
d4e11ec26633ed74394b8df2228bfb75,confirmed_twins_gallery|lower_iou_implied_twin,1.0,2026-08-09
d5110b3363bff16460ad266f1ce4ea06,confirmed_twins_gallery|safe_iou70_twin,1.0,2026-08-09
d5cef9fcc30f71c7d24d00114bcfecd5,confirmed_twins_gallery|safe_iou70_twin,1.0,2026-08-09
d60a54e0359baa5b161a897efa7e87ee,confirmed_twins_gallery|lower_iou_implied_twin,1.0,2026-08-09
d69244e15961cf6fb54d50a3baaaa46d,confirmed_twins_gallery|lower_iou_implied_twin,1.0,2026-08-09
d7132253107215db7e9bd88b6a864c14,confirmed_twins_gallery|safe_iou70_twin,1.0,2026-08-09
d84c84c7e96c8a3609150e6afc1f1186,confirmed_twins_gallery|safe_iou70_twin,1.0,2026-08-09
d8abf403ab5663c07528475647e0db5a,confirmed_twins_gallery|lower_iou_implied_twin,1.0,2026-08-09
d8f6b2a76413e5b03d0ee89d2792e610,confirmed_twins_gallery|safe_iou70_twin,1.0,2026-08-09
d98d4b443eaaad06c3244e059b34053f,confirmed_twins_gallery|lower_iou_implied_twin,1.0,2026-08-09
d9ad3f3ed67f14c9c9b35a5c4e85400b,confirmed_twins_gallery|safe_iou70_twin,1.0,2026-08-09
d9c9948c3c66446410dfc95adcafd115,confirmed_twins_gallery|safe_iou70_twin,1.0,2026-08-09
da07bf2ac3a36b2ff58e35561f15613f,confirmed_twins_gallery|safe_iou70_twin,1.0,2026-08-09
da1de69a3097c5cecfc5a5c20f125340,confirmed_twins_gallery|safe_iou70_twin,1.0,2026-08-09
da2319b5a8f33c13bcf2380c25b78e37,confirmed_twins_gallery|safe_iou70_twin,1.0,2026-08-09
da5bbea85af39c137a264ee0bd56ef50,confirmed_twins_gallery|safe_iou70_twin,1.0,2026-08-09
dab87401b1605f7d5eb9bf5a722486bc,confirmed_twins_gallery|safe_iou70_twin,1.0,2026-08-09
dacdcb2643b7fb7038e1f41cb31b4932,confirmed_twins_gallery|lower_iou_implied_twin,1.0,2026-08-09
dae6944419535df993a53a9c3b0f8245,confirmed_twins_gallery|safe_iou70_twin,1.0,2026-08-09
daf178053958c9d2e71a7c7bb9c3fbb7,confirmed_twins_gallery|lower_iou_implied_twin,1.0,2026-08-09
db197fde0bcf98431c68e0d443a88fe4,confirmed_twins_gallery|lower_iou_implied_twin,1.0,2026-08-09
dbf09c7c30806ef30dca99273d05075b,confirmed_twins_gallery|user_multi_C35_55_explicit_drop,3.0,2026-08-09
dbfc9c44024301555f3cc9118f1f3628,confirmed_twins_gallery|lower_iou_implied_twin,1.0,2026-08-09
dc10032bf598b0a3268074de4bb2d7b6,confirmed_twins_gallery|rescan:PROPOSAL_A_final_drops.csv,4.0,2026-08-09
dc2ec851fcbf594f11b023387ac15003,confirmed_twins_gallery|lower_iou_implied_twin,1.0,2026-08-09
dc7254ab21584e852fe556646c86d6f4,confirmed_twins_gallery|lower_iou_implied_twin,1.0,2026-08-09
ddd302c374af146eeff0408e2b5da995,confirmed_twins_gallery|safe_iou70_twin,1.0,2026-08-09
de4966a35d76fc988a17d78d895b2130,confirmed_twins_gallery|safe_iou70_twin,1.0,2026-08-09
df18ac8990e89990e4b908f4d77c3aa2,confirmed_twins_gallery|safe_iou70_twin,1.0,2026-08-09
df4146c2cb4e97d9c227bdd90d4dc6f8,confirmed_twins_gallery|rescan:PROPOSAL_A_final_drops.csv,4.0,2026-08-09
df83132f9e6a7c8337e6cd91270f8f7d,confirmed_twins_gallery|lower_iou_implied_twin,1.0,2026-08-09
dfa98f57a4842a0f6d78d0c9e59380fa,confirmed_twins_gallery|safe_iou70_twin,1.0,2026-08-09
dff285c9260f7f68f4e97fb6abd32043,confirmed_twins_gallery|lower_iou_implied_twin,1.0,2026-08-09
e004796dbc56fa09c543d415a360c17b,confirmed_twins_gallery|safe_iou70_twin,1.0,2026-08-09
e02703af0349a0d093605123400dbf07,confirmed_twins_gallery|safe_iou70_twin,1.0,2026-08-09
e0c2ac1e8919079234c7d0b9df13adff,confirmed_twins_gallery|safe_iou70_twin,1.0,2026-08-09
e0d6698a658131c2240e15cf4f40efa1,confirmed_twins_gallery|safe_iou70_twin,1.0,2026-08-09
e10ebd20ef424d61222ccc5e97dcc76b,confirmed_twins_gallery|rescan:user_decisions_so_far.csv,4.0,2026-08-09
e162a1681d6e6ab5bf85a7eb71ef7f95,confirmed_twins_gallery|safe_iou70_twin,1.0,2026-08-09
e187fc91f755db1d0885f19a0b333523,confirmed_twins_gallery|safe_iou70_twin,1.0,2026-08-09
e1cb7dd62d9f43421d5a01467307b98d,confirmed_twins_gallery|safe_iou70_twin,1.0,2026-08-09
e2726cffee3499287c6f87b561dd228d,confirmed_twins_gallery|safe_iou70_twin,1.0,2026-08-09
e4368e6ebbcd17b0fef1f385f33fd5e0,confirmed_twins_gallery|lower_iou_implied_twin,1.0,2026-08-09
e46cd9a60e519442571060be59a55149,confirmed_twins_gallery|safe_iou70_twin,1.0,2026-08-09
e479a841de401149c4f149ebe92cec7e,confirmed_twins_gallery|lower_iou_implied_twin,1.0,2026-08-09
e62a7175ca466fb365631d124972c0a8,confirmed_twins_gallery|safe_iou70_twin,1.0,2026-08-09
e6a6f4658717ef0c20e18cc89b96f4e6,confirmed_twins_gallery|safe_iou70_twin,1.0,2026-08-09
e6e7517d1d5ca7249c6fe106f4e7bb6c,confirmed_twins_gallery|safe_iou70_twin,1.0,2026-08-09
e82301e658d765151edd7134a663c4e1,confirmed_twins_gallery|safe_iou70_twin,1.0,2026-08-09
e831ed42fe3417009705f6ac32c63e67,confirmed_twins_gallery|lower_iou_implied_twin,1.0,2026-08-09
e90c8fb1ab71a448843dfec8f21a15c8,confirmed_twins_gallery|lower_iou_implied_twin,1.0,2026-08-09
e92dfc70e301a7e97540ac17cb56cdae,confirmed_twins_gallery|lower_iou_implied_twin,1.0,2026-08-09
e95c6d365351c83dc999465682628033,confirmed_twins_gallery|safe_iou70_twin,1.0,2026-08-09
e9d628364cf51891028163e0cfca628c,confirmed_twins_gallery|rescan:PROPOSAL_A_final_drops.csv,4.0,2026-08-09
e9db6929c47c3ce5ea489a1187e7e669,confirmed_twins_gallery|safe_iou70_twin,1.0,2026-08-09
e9e062c3fcf872abdf5f44dc2c55345a,confirmed_twins_gallery|lower_iou_implied_twin,1.0,2026-08-09
e9f33468a68c94621a437aee8674be96,confirmed_twins_gallery|safe_iou70_twin,1.0,2026-08-09
eaa98a57d64de34ccb77c1af98e1d39a,confirmed_twins_gallery|safe_iou70_twin,1.0,2026-08-09
eb18e2e49ff4b26634ed4737a7d48b2a,confirmed_twins_gallery|lower_iou_implied_twin,1.0,2026-08-09
eb81e4b7cf069e0660b747b0da1aa1a7,confirmed_twins_gallery|safe_iou70_twin,1.0,2026-08-09
eb9d4025d77205c0dda3d5f7431ce1b8,user_multi_C35_55_explicit_drop|user_multi_drop,3.0,2026-08-09
ebc22b45eb3ad26c9d9883d912038f6d,confirmed_twins_gallery|lower_iou_implied_twin,1.0,2026-08-09
ec357f56de67acf8abceb244a2cdf49b,confirmed_twins_gallery|safe_iou70_twin,1.0,2026-08-09
ecebd05f42f575630c79ca2c759246c4,confirmed_twins_gallery|lower_iou_implied_twin,1.0,2026-08-09
eced1d0653f7c472814889665013f114,confirmed_twins_gallery|safe_iou70_twin,1.0,2026-08-09
eda92317b583435a810cac1dc7bb8025,confirmed_twins_gallery|safe_iou70_twin,1.0,2026-08-09
ee1605f1c4e68d7a52a07fae529e14f8,confirmed_twins_gallery|safe_iou70_twin,1.0,2026-08-09
ee4492e15e54bfe1a23bc3af78158897,confirmed_twins_gallery|safe_iou70_twin,1.0,2026-08-09
ee810ac96bd9f15f5e06c372f6908c8c,confirmed_twins_gallery|safe_iou70_twin,1.0,2026-08-09
ee84768fd0b939e9fc7369652cba4a35,confirmed_twins_gallery|safe_iou70_twin,1.0,2026-08-09
ee9d46e743ccade3196701a6068fa860,confirmed_twins_gallery|lower_iou_implied_twin,1.0,2026-08-09
eea47f9bc6d774e29cd36167365775bf,confirmed_twins_gallery|rescan:PROPOSAL_A_final_drops.csv,4.0,2026-08-09
eeb26ba1afa30bbf4f88d8c38b42c313,confirmed_twins_gallery|lower_iou_implied_twin,1.0,2026-08-09
eed22b80775127e0a2143e287d79c575,confirmed_twins_gallery|safe_iou70_twin,1.0,2026-08-09
eee26d27dbba4e7dec07620c11328b62,confirmed_twins_gallery|lower_iou_implied_twin,1.0,2026-08-09
ef49ceba7efcbd20b8cc1eda40b256fa,confirmed_twins_gallery|lower_iou_implied_twin,1.0,2026-08-09
ef928aed9549e5dea8d67c57fb79e45f,confirmed_twins_gallery|lower_iou_implied_twin,1.0,2026-08-09
ef9626e7479e7749bc2dd093237ba966,confirmed_twins_gallery|lower_iou_implied_twin,1.0,2026-08-09
f0197942d5cd986426ed3550e562d495,confirmed_twins_gallery|safe_iou70_twin,1.0,2026-08-09
f062f6c1128e0e9d51a76747d9018849,confirmed_twins_gallery|safe_iou70_twin,1.0,2026-08-09
f065aa3e43c7259d03e12b11bc9deb1f,confirmed_twins_gallery|lower_iou_implied_twin,1.0,2026-08-09
f07384ef90c301fac9bf8fdc24cb88e8,confirmed_twins_gallery|safe_iou70_twin,1.0,2026-08-09
f084f6eabe7932229687dfa7cbb3dbed,confirmed_twins_gallery|safe_iou70_twin,1.0,2026-08-09
f0a73ffe7d71950702ebd0ef7efa86cb,confirmed_twins_gallery|safe_iou70_twin,1.0,2026-08-09
f0bb29042dfb17421aac02138f8e9d20,confirmed_twins_gallery|lower_iou_implied_twin,1.0,2026-08-09
f13cd8ec6e6fde523a0a065b62086d3c,confirmed_twins_gallery|safe_iou70_twin,1.0,2026-08-09
f1536f338e098d87b1164712aff106ba,confirmed_twins_gallery|safe_iou70_twin,1.0,2026-08-09
f2196dcfec3027846cdd304448f28fa5,confirmed_twins_gallery|safe_iou70_twin,1.0,2026-08-09
f2b4695127e8d36d54b5214ac6675000,confirmed_twins_gallery|lower_iou_implied_twin,1.0,2026-08-09
f2d3ffcb3aa600272d70fe13b62a56e9,confirmed_twins_gallery|safe_iou70_twin,1.0,2026-08-09
f30cd94ed55475f5a660fed3cd4cda58,confirmed_twins_gallery|safe_iou70_twin,1.0,2026-08-09
f31359d4b52d6111001bd6a27a216821,confirmed_twins_gallery|safe_iou70_twin,1.0,2026-08-09
f34713c3ba1e433268c056d42b29fef6,confirmed_twins_gallery|safe_iou70_twin,1.0,2026-08-09
f367f6252be10578dcadc00ded89ecd5,confirmed_twins_gallery|safe_iou70_twin,1.0,2026-08-09
f39bf22d9a2f313425ee201932bac91a,confirmed_twins_gallery|lower_iou_implied_twin,1.0,2026-08-09
f41758ea4ca2fa1520cfe98a4c064e54,confirmed_twins_gallery|safe_iou70_twin,1.0,2026-08-09
f480b897adfe65f572f79d9f8d45ac9e,confirmed_twins_gallery|safe_iou70_twin,1.0,2026-08-09
f4df16a55805e69f7013d79eca0c46a7,confirmed_twins_gallery|lower_iou_implied_twin,1.0,2026-08-09
f4ee61458d542b826014e72cb224a0b6,confirmed_twins_gallery|safe_iou70_twin,1.0,2026-08-09
f526a2ca5612d5913984a67edabaf991,confirmed_twins_gallery|lower_iou_implied_twin,1.0,2026-08-09
f53e64ef7fcd2a2074e0724b2efd4b32,confirmed_twins_gallery|lower_iou_implied_twin,1.0,2026-08-09
f5453bb85ab33f0f99e56b296293737e,confirmed_twins_gallery|lower_iou_implied_twin,1.0,2026-08-09
f5688ca07c152e6777383cc871031692,confirmed_twins_gallery|lower_iou_implied_twin,1.0,2026-08-09
f5d40a40e34f8a090f44cb6589c26900,confirmed_twins_gallery|lower_iou_implied_twin,1.0,2026-08-09
f5e8369558d2238497eaeb1b6be9391e,confirmed_twins_gallery|lower_iou_implied_twin,1.0,2026-08-09
f68673db7c65bc80fde188dea0e39c0b,confirmed_twins_gallery|lower_iou_implied_twin,1.0,2026-08-09
f6c0aa4b8c3f21c9077ea8bb373b4c84,confirmed_twins_gallery|safe_iou70_twin,1.0,2026-08-09
f6de38334730ae611fbf46dd649b1476,confirmed_twins_gallery|lower_iou_implied_twin,1.0,2026-08-09
f73951fddf77034c9fd44cb19f5fe6b5,confirmed_twins_gallery|safe_iou70_twin,1.0,2026-08-09
f7b41d0ca05e2d1de4fd4b3fd0ae4ef7,confirmed_twins_gallery|lower_iou_implied_twin,1.0,2026-08-09
f81f26aac99df0845173c6f8e21ab71e,confirmed_twins_gallery|lower_iou_implied_twin,1.0,2026-08-09
f836bf8b2f7a52acc668fcd59ec0122f,confirmed_twins_gallery|safe_iou70_twin,1.0,2026-08-09
f84a1ebc74a6004395262124e0ab1d9e,confirmed_twins_gallery|safe_iou70_twin,1.0,2026-08-09
f85334e801a490f557571e1ee2ec7a5a,confirmed_twins_gallery|safe_iou70_twin,1.0,2026-08-09
f9285fe284ce30f4d249635062db619a,confirmed_twins_gallery|lower_iou_implied_twin,1.0,2026-08-09
f94a2f497ba431ae01c0d557d8c2a78f,confirmed_twins_gallery|safe_iou70_twin,1.0,2026-08-09
f95c0c54f064c14c0502f2b2d12f03ba,confirmed_twins_gallery|safe_iou70_twin,1.0,2026-08-09
f964b9543ed1fcd3fcda049d744a50bd,confirmed_twins_gallery|safe_iou70_twin,1.0,2026-08-09
f96885e98ce7050f21a86bb312f90c89,confirmed_twins_gallery|safe_iou70_twin,1.0,2026-08-09
f999e08da2e822cceea24d7201eec2bc,confirmed_twins_gallery|safe_iou70_twin,1.0,2026-08-09
f9caed448e138e702ee5a2c906a671fc,confirmed_twins_gallery|safe_iou70_twin,1.0,2026-08-09
fa2d82bc5c90ce86b88046cd216fc720,confirmed_twins_gallery|safe_iou70_twin,1.0,2026-08-09
fa6a64b3a0c696072eb77fc03e2858df,confirmed_twins_gallery|safe_iou70_twin,1.0,2026-08-09
fab1d411448d12a807e3ded857ddeaed,confirmed_twins_gallery|lower_iou_implied_twin,1.0,2026-08-09
fac926289d51ddb79e2739d2b075d627,confirmed_twins_gallery|safe_iou70_twin,1.0,2026-08-09
fad0fe747acf40fa1fdba4a7d115d8e4,confirmed_twins_gallery|safe_iou70_twin,1.0,2026-08-09
fb01a0a69517bb47d7f4699b6217f69d,rescan:user_rescan_multi_c48_fb01_decisions.csv,4.0,2026-08-09
fbec7a11045c409213445c592bdadfae,confirmed_twins_gallery|lower_iou_implied_twin,1.0,2026-08-09
fbee536cc1352614dda57bcf0786f387,confirmed_twins_gallery|safe_iou70_twin,1.0,2026-08-09
fc2fd27c7f16ed0c6f522ef43f585727,confirmed_twins_gallery|safe_iou70_twin,1.0,2026-08-09
fc3c4b863c8e9defaf8f430cdee91183,confirmed_twins_gallery|lower_iou_implied_twin,1.0,2026-08-09
fc841358b1ae7c119b6224d0076046f4,confirmed_twins_gallery|safe_iou70_twin,1.0,2026-08-09
fcaa47a2c6a94bdd2ba3618c6f0f2050,confirmed_twins_gallery|safe_iou70_twin,1.0,2026-08-09
fcf3ef06a3601448061b7b1adda97b89,confirmed_twins_gallery|lower_iou_implied_twin,1.0,2026-08-09
fcf954f576b072584d4271144e57f6d3,confirmed_twins_gallery|safe_iou70_twin,1.0,2026-08-09
fd0bb45eba479a7f7d953f41d574bf9f,confirmed_twins_gallery|lower_iou_implied_twin,1.0,2026-08-09
fd8c1f420a7c1c28bab654d0d8d3a6ba,confirmed_twins_gallery|lower_iou_implied_twin,1.0,2026-08-09
fda6868aea710b2e286d1b575638050f,confirmed_twins_gallery|safe_iou70_twin,1.0,2026-08-09
fe025faa4c6e6de2a71f964b56de7c9c,user_multi_inner_twin,4.0,2026-08-09
fe6984b9e99ee331bb510c61f9e5ccd4,user_multi_inner_twin,4.0,2026-08-09
ff10f937c3d52eff6ad4dd733f2bc3ac,confirmed_twins_gallery|safe_iou70_twin,1.0,2026-08-09
ff28b460869954e8ba28ff6b9919e46a,confirmed_twins_gallery|safe_iou70_twin,1.0,2026-08-09
ffaf4de97335595fb711d3985523106a,confirmed_twins_gallery|safe_iou70_twin,1.0,2026-08-09
