cluster_id,n_remain,image_ids
1,1,fd05529859cf5ee53ab967a009dc7c06
2,1,a3794ec31a02fbf429486dd464f83d25
3,1,87a1d44e21700bd0eb3db27371eb3999
4,1,784c60e4447c017aaa12f2013352b92b
5,1,8a327e4efafb98dee0f93c40e64d761e
6,1,4600b8e6025b7af1836bedf33e2b5c66
7,1,c0910c1a35e06c172ab6403b20a6b9f0
8,1,f61ec97dd1808dd49436c25aac6e0c4c
9,1,f6f6fd84d5275c9f2caa8edb15141607
10,1,4aae2215d4d4ca911f61b2f159c188d5
11,1,6edc4da86334190089f6a093bf258ab6
12,1,5456189d4e5c15a790a868b70fd25625
13,1,464d35ac0644183c0891abde15a042c7
14,1,8b0f143a34251629cd7c0d34743d3e63
15,1,d1766314b6c9a6f528f4cb6643798d41
16,1,69ab9dae3fcb1bcb79683b95e4836252
17,1,c4e0ad6ea862813515ef53b70ad8021e
18,1,70d813b5e09d4fdac98c761c15c28a62
19,1,462839866ad252b9bbf2c34be653745e
20,1,3858dedc8e091fc0315c50e7f8d74a56
21,1,93b69d2902a418c407b43b1da3248c8d
22,1,bd9022853225c1e8a46bc9eca27533f0
23,1,2102cdaee1284c7da24effe67551ee87
24,1,6cf483d54bbae9d7fc1009a5e2cf782d
25,1,fb8886059879eaac70139336cb525838
26,1,50467a6acf3c242827713dc6dd1b5836
27,1,66dc57a3320d9abd25eaf8b74c07c7bb
28,1,4ba91dfdc9e3dadbf2a947592ec3ac0c
29,1,0bce55d17bcc628e62c843a2420e723d
30,1,ef7e5ebd23757e3446d0bc4c47dc8e96
31,1,53a053373822079628726191fc5b76d6
32,1,b79a6f8a47e79bfc1dabc48c37d54464
33,1,cc749cec9e37b3e141e62a6a33c6eaf3
34,1,84f098dc3c4bbd751d9f5e66098bbeca
35,1,57d82e5381a64e28e1daae58c9806ab5
36,2,c4cde1827d4895957ca8507e37a3cf76;d676924aa4d2c3259e47e91955fe161f
37,1,d375f524d50db8fcf857eadcb70ef5d1
38,1,6b4c77b671e8412d65773f9614816db0
39,1,6f50ffdccefb38de120dfb796577fd5b
40,1,367f122e80bcd0bffc02f6a04c1d8234
41,1,a45c077803194bf256f58964f457d5cb
42,1,1c4653246dc78308252d47160786ad15
43,1,294017fb97e4fec299eb8e83fd2d3be2
44,1,9a4ba048c62623465d6a7a0d8549a657
45,1,b4265cba12f772b5bb29989f775f8906
46,1,a21c88c3d7c1a95eec2fdc7300fdfee0
47,1,1141ca7040f9f32bf84531cc1b1d9f51
48,1,6a363e70baf98838b0093f9ae93052fd
49,1,e528d21e5e6c87a9a1579214f6ec345d
50,1,70f71c6fa7ad2baeaff157a299e276a0
51,1,a1f79e44db2ca88a3c1b330af1343d61
52,1,1496bd10b5eb474af7b764aed67309ba
53,1,c2f90bbc5200609817a0745279582e72
54,2,2a837ababa0cb124818a3b4852244711;4c25d8ba4a2ecabe2b69b901c994e2dd
55,1,9d1bda4d28af5a9f5d1d96833cec1728
