image_id,action,reason
05b09773ad1b34275f0b5adee3c650ab,restore_train,user: safe C35-55 / Friday safe
09a9f7497e6ba14eb0a12388ca17540d,restore_train,user: safe C35-55 / Friday safe
2de0597cbb7af462bfdb7b1c4f935248,restore_train,user: safe C35-55 / Friday safe
30703edaf3bf39b0d04685f0f0a1d43b,restore_train,user: safe C35-55 / Friday safe
3eee912c7daba1d6c5c6968ef71b5570,restore_train,user: safe C35-55 / Friday safe
49a2ed9b6af2a48a788b9dd6066bdb0a,restore_train,user: safe C35-55 / Friday safe
620a6fbf50a7463ed0a8932782d7b969,restore_train,user: safe C35-55 / Friday safe
6303244b26eef8e081298bfeac827403,restore_train,user: safe C35-55 / Friday safe
63226114e772943ce7f8017d9f5d4b90,restore_train,user: safe C35-55 / Friday safe
68a362123aff27d79dbc5284a948030c,restore_train,user: safe C35-55 / Friday safe
6cbc6f7259cb45a4086cd584aec53857,restore_train,user: safe C35-55 / Friday safe
773d5f35cb242573885d18d302a9157c,restore_train,user: safe C35-55 / Friday safe
7fa4634ab59a7832bc877fef162eacaa,restore_train,user: safe C35-55 / Friday safe
8596a2f7e68a0e11a5653fb2457db08f,restore_train,user: safe C35-55 / Friday safe
8b126306391fa2af0f8bea265f2c9666,restore_train,user: safe C35-55 / Friday safe
94e121bc4a7091b881e8dd9b6c2be6b5,restore_train,user: safe C35-55 / Friday safe
9a22abb1da9fc91bb8ae7b91bfe1451e,restore_train,user: safe C35-55 / Friday safe
9effeea56c413b92340b89d1240769c1,restore_train,user: safe C35-55 / Friday safe
a1f79e44db2ca88a3c1b330af1343d61,restore_train,user: safe C35-55 / Friday safe
b5343f9567df8a68c3276f8d8cdcc6a5,restore_train,user: safe C35-55 / Friday safe
c614dc18ffa37f8007c2aead39e65342,restore_train,user: safe C35-55 / Friday safe
cbaaf646e582b153aa87262de00bd4a0,restore_train,user: safe C35-55 / Friday safe
dc10032bf598b0a3268074de4bb2d7b6,restore_train,user: safe C35-55 / Friday safe
df4146c2cb4e97d9c227bdd90d4dc6f8,restore_train,user: safe C35-55 / Friday safe
e10ebd20ef424d61222ccc5e97dcc76b,restore_train,user: safe C35-55 / Friday safe
e9d628364cf51891028163e0cfca628c,restore_train,user: safe C35-55 / Friday safe
eea47f9bc6d774e29cd36167365775bf,restore_train,user: safe C35-55 / Friday safe
ff80dfefc41b8863b476c5840f88fec0,restore_train,user: safe C35-55 / Friday safe
