id_a,id_b,cos,rank,mutual_nn
0018ae58b01bdadc8e347995b69f99aa,69e1d84705d16c89fb361da179c7303e,0.9394147396087646,11,False
00928370e2dfeb8a507667ef1d4efcbb,8a31a42bb904f022190f57733ccef19c,0.9677767753601074,1,True
00951a7fad040bf7e90f32e81fc0746f,47ebeac86bb4d9eb51f2cb5ce110a823,0.9742122888565063,1,True
00bbc1482301d16de3ff63238cfd0b34,771b4d1f002ddd740017d6e4371df8d0,0.9786728024482727,2,False
00c15b23b30a5ba061358d9641118904,8826e4b9c231e9b9a69a5f2e8efc815a,0.98470538854599,1,True
00c46b336b5b06423fcdec1b4d5bee06,7bb9269813e03e9e784a87f3a2486f04,0.9878369569778442,1,True
00c52cb4db1c7a5811a8f070a910c038,b7932b71e15722e1908ad98af13d50fb,0.985558807849884,1,True
00ca0c23961b5510be46c917be11c43e,25f8b4140df3fcadc642f18b4279582d,0.977260172367096,1,True
00e6511435645e50673991768a713c66,835c2db7726b399c38e5e53f1c326ab6,0.9836920499801636,1,True
01a5e35b1ae21f3cfbe100b4b6aef451,585bf47f399249d4bc1e18a0aad69d2a,0.9863259792327881,1,True
01c669f3f6a18197285bdf357b45d477,86a2e973602ec382660c072fa42ca670,0.9776545166969299,1,True
01d20d68bce47bec01d816b893630f18,2fd30e8bcadfd927b8280fb9d7fdb610,0.9832392930984497,1,True
026081211406349c85c3e5b4fc4b6ff0,714fe03e012bb674fd7f3fc8f6763c3e,0.9881876111030579,1,True
0277b937ddc8679ae69b3c54bfd714f1,1665277114b8f7349da97f801a0e8061,0.9859326481819153,1,True
02805e3e20ef629ffeeee1e68cf24ab0,36b63b6aac630b8b13f9097001c0bf5b,0.9771870374679565,3,False
02a3870e56dbcb6afd73546af54a8457,19f3f3265bd80f1ee68cff968541639a,0.9872832298278809,1,True
02a7b258e875cf073e2421d67ff824cd,5acd886e33ce9f50a7c738c4c3dd8503,0.9681429862976074,2,False
02e5b03f8ea7ea2787101b758291d162,6ce32756e33b10bd4569aa15b5db3355,0.9811171293258667,1,True
03426e9293f207de46b5592c001eb45c,365b34d59b0132366fd9feb0138ca7ff,0.9403938055038452,12,False
035a5208729ef164213954598b8df75d,248849ede6c19a5b38182908836cb666,0.9669662714004517,1,False
0373ed8a095e0a283da690de360ccc21,c1fd67db197ac1e491453082982de933,0.9364508390426636,21,False
03849b0243900d79446bb27849dc0bb2,30ec590d9ad752737dae45f47f2b37cb,0.9739264249801636,1,False
043489a629f6bdec1d08515a6daabb78,08347bf830e78903e36a81168c4342f9,0.9858484864234924,1,True
0446851f36b7a60cb971e05365ce0188,9bc70f1bfc8dbca7c881616b0198edcb,0.9789254665374756,1,True
046bac77a58c1be84a6418904e755280,66ac9acd0174425c2ad47448fc55ca45,0.9798624515533447,1,True
049813f2cb407d0db60d6e671af6415b,43fb03bd110f08e7c36fcbfcf43feccf,0.9833024144172668,1,True
04f28a8f394396872b7a9ede5041a80c,706a5789a3517393a583829512a1fb8d,0.9845710396766663,1,True
0592a76b2a23cf43ceeb8888f36bed9c,e4368e6ebbcd17b0fef1f385f33fd5e0,0.9869521856307983,1,True
059ab4f2222a3231845f048a63036083,50c1a18ccd556a1cc34f3b21e34fe03d,0.9730625748634338,1,True
059cbf902c5e42972587c8d17d49efed,9e5d11af345645e8379267b0d57a3b64,0.9793663024902344,1,True
05cc3233dcb5489d2333ee62339a3226,5a04db2e75874b0e5c55ee71692ea92c,0.9912064075469971,1,True
060121a06476ef401d8a21d6567dee6d,c266773fdf88a75561821afdb49cc0e0,0.9936935305595398,1,True
060f04c4f2dc67635433dc0c5b878265,1b323176137e2d3b0fa66c691af7168e,0.9679049253463745,1,True
06334c520d4bd54eb501a49f42158a80,a81c58ea428c6c69d39e3555c2ace373,0.9761476516723633,1,True
063db632c0ad279c9602070bea1d8dae,44350cd9c0b41005308e65c2d9ee8ac1,0.9782962203025818,1,True
06509deacf578c9d20cdb0c1d6f087cb,2ee04159001b56e9f28dfa9541e1b9fb,0.9286206960678101,1,False
06977be07ef2afb3ddfa7733f0c04917,0e65f90aa2b3fd3e49982839aa381583,0.987269401550293,1,True
06a0cbd8fd6320ef1aa6f19342af2e68,72bac273a1df78ff5d3c8628a95f8fba,0.9780150651931763,1,True
06bf945aaacb9a67d9f2439d9a7d73ea,a0150f4d6d9f6f3b2b5a240b099df000,0.9827235341072083,1,True
06eda4a6faca84e84a781fee2d5f47e1,da07bf2ac3a36b2ff58e35561f15613f,0.9851707220077515,2,False
06ef49a7b77e883f089cfdd80642d6f0,687caedb62d68fd4692af68d695efc1c,0.978679358959198,1,True
06fc0c8a36a83d5150fca83d5bbb2612,9f0d890a2dd6e2d2acde15c1fc6e649d,0.9707671403884888,2,False
06fe0864a99a2e0cd32cb141b7808912,1f8c98a43c6e755c2b3a785db72520e1,0.9657562375068665,1,True
070f9f27db2db32b456cfc595f29c03a,8d90013d52788c1e2f5f47ad80e65d48,0.9845354557037354,1,True
07106a451fdebeaa73f2db13f295bfb1,8ce7e69e255980b50a2f8a7289bce5a6,0.9794222116470337,1,False
072f1b5740579bbe7f69afdd33bee8d1,6e694031c3e263b2f9da1aa122897266,0.9759983420372009,1,True
074d9f9ceede2e4fad8aec367a335a77,c8ea4dc8fe6c8348dcc4db4d01c0c84a,0.9771711230278015,1,True
07a14fa5b8f74272e4cc0a439dbc8f7f,0da0915a236f2fc98b299d6fdefe7b8b,0.914053738117218,2,False
07a9fa12ce780b43fb5dfd7d24b861c6,877b69359277cf787d93cd17f4d2775a,0.9873595237731934,1,True
07aa24f15ce062d65979b6a8bc7eb3f0,fc2fd27c7f16ed0c6f522ef43f585727,0.972092866897583,1,True
07afad2271546de1802035829d3b507d,11f1519eb38ea10e74539a5d96cc8567,0.9772271513938904,1,True
07d600e3fcbebf7dc75e5335d3563e63,fcf3ef06a3601448061b7b1adda97b89,0.8737832307815552,1774,False
07e16ae47a5154782affc9dc45b50297,2c688d7d92059ab3bac7c190dd6e31cd,0.9750754833221436,1,True
081326594b296d372b9dd3e8af82350a,203256da67cb1aab601d3af3f13d5db5,0.9771885871887207,1,True
08134913a9aa1d541f719e9f356f9378,8302a3549f2fd5a7bf56ee2b26706bc1,0.980538547039032,1,True
082fd0a9f827b00494feb039b53b5500,8d4d03f080d431387a79cfbca4065dbd,0.9766554832458496,1,True
083ab9e2c95fb0ea2b999c592fb41653,946e85479cd3ac3e73f2698c9cf01806,0.9733312726020813,1,True
08459aaedfda0679aab403ababbd6ece,e278dc57dacfed61fa504133fda2d8c1,0.9408413171768188,1,True
0873fff5fceb087574469b8c9312eb3d,58d13c5b7c1d86814e7a9451fef0d9d5,0.991626501083374,1,True
08a8d48ec979f002383f336d988673ca,847db624a7a975df11caca3c97743359,0.9789599776268005,1,True
08ab45297bfe652cc0397f4b37719ba1,8d9bf04e714c959d4c571030c51ee9f5,0.9761273860931396,1,True
08b04f43997889865568c2c0d7bba8ab,128ade97a27c446fb413b1787426760c,0.9703728556632996,1,False
091b756470ae8748ad9384fb9eb73574,b63cd7e9557adcd7ad081fd8bd069539,0.9908109903335571,1,True
09320344c2ed4da7bdf50d9f03b9e0be,21708bb4798bdebb4bffb7414bce44cd,0.9848887920379639,1,True
09471c7d6b4a7b117f7ab3a52d7828c4,473af71fb330ea26e33a3c24eaa14b6f,0.9741686582565308,1,False
095d32f7716c9ff9892a7696d2325ea1,1e781756a0e97724ca9592a7a9d8623d,0.9694609642028809,3,False
0981f547380ba7b05772f3e5685b1beb,8f264374ed3fa427615c1650218e7f21,0.9806736707687378,1,True
098f7f7024f5c0de68e771c7273fc273,91e29de2d26bec1ecc377921c0ff0a50,0.9688076972961426,1,True
099a334f7290f6821e9125c37428157a,1c0fbb1d600f761847294c4b8019edfe,0.979194164276123,1,True
09a9f7497e6ba14eb0a12388ca17540d,a45c077803194bf256f58964f457d5cb,0.9587506055831909,1,True
0a107c91216d62b2543122a46eb26541,2c6b8913a7bae36c8ceb01fbd102d74f,0.9806501865386963,1,True
0a81500dc48b2bb7ee19849502360270,f54428f97db111809016916ab768f667,0.969489574432373,1,True
0a836ea85157d6e0b92371d8ae18a55c,276fe273713496862d1e614288e3f670,0.9631433486938477,1,True
0a848ccbbb065ef5ee59dd01710f8531,cc43f8965a64a1f22b3162b91e7a1bcf,0.9744182825088501,1,True
0a97bd73cd153b33751d43821ff0a400,aef75d4c390d838aabe56e2d601b6a13,0.9886555075645447,1,True
0aa6472328e4807ba54a807b8332da0f,8e25584bd03155d24a2adc00517a38e8,0.9853144884109497,1,True
0ac7f7d40895378ae07006510aaca8de,1215adafbc41adff149c6ab127598917,0.9873839020729065,1,True
0b2cba7e97daa7f11ededc2ec7d67045,60e51083a75aa5283aadde7f110df48e,0.9653264880180359,4,False
0b4fba162fc179a4cf63cc986f72ac4c,f4ee61458d542b826014e72cb224a0b6,0.9558771848678589,2,False
0b6a90e1c27bf54488c1f7697c6ce599,9599d5f691b56b56aac30664afa7ef45,0.9875957369804382,1,True
0bb772b06c9e3cd1914e31b509556ebf,ca6c4f4b24578588762712262de479ab,0.9704685211181641,1,False
0bbbb6734f721f4df4d2ba60ade0ed15,f2196dcfec3027846cdd304448f28fa5,0.9725401997566223,1,True
0bc3b1ea9b5e5af3355cfbd9eb7561a1,5203b6b2f6c3e46cdb2f09b9d99a5ecd,0.990135669708252,1,True
0bd0dd2e0b715471eab534e1d815ebb2,6f310463d3868e86be87adddeccdde19,0.9614644050598145,1,True
0bd231c85b2695e2cf021299e67a6afc,977d38c17c1f872ed1c550c52e984986,0.9878216981887817,1,True
0c16dad59425c963a1dba7a84638ece7,e43ae1ef2cda811070e2c0a6d6154150,0.9701957702636719,4,False
0c21345669287d5b299ed8d7d0f6e1c2,c549a1ab70c4de9755941eb6269e13f6,0.98503178358078,1,True
0c4c5c0598098cb221d34dc154cca14f,621f180f39962cf8dc87f62cf681200b,0.987715482711792,1,True
0c514de56dcdc9d3b7b71173361a5b7b,cb9bc923249b183c8fc5b904f622695e,0.9674952626228333,2,False
0c884ecf6571905365546a078c02133b,b9967e5cb3505cda331d9ab422127d51,0.9577863216400146,1,False
0cb3f826fc871be280fd81ddd875b221,5dbe471927123756883dc4ec6121a72c,0.948745846748352,2,False
0cee71ab57422e04f76e09ef2186fcd5,5eeb5f06877a051a7a7f99ff151919c3,0.9575474262237549,6,False
0d1e1a99a3ba55fe2d5cf69ba87c9d97,b168c7aff6ddf56a19625abf2803744c,0.9777695536613464,1,True
0d66a26a030e95c9de2173b476029b23,9852092e24db80fb70f6fb0b4b8b9cbc,0.9778030514717102,1,True
0db426156d588a5bb0b6036ac0465be0,5bc396007c667e5fec6587d07a9af93e,0.9813315868377686,3,False
0dfaba8f37fac34150fb70ca8e425141,fc841358b1ae7c119b6224d0076046f4,0.9835296869277954,1,True
0e347ad243e4019fad579d3282a730f9,20340e3ee5bd16fdb06dabb63079c835,0.9751148223876953,1,True
0e4e6e275dbdf6742d98d5f853b2eaf1,66cad79a848b2b9476a2517a80314327,0.9934276938438416,1,True
0e6ba66e0b6faf748d29425b8fef9d79,a5b9d82b7e211bf9e5d65ee738236366,0.9701592922210693,1,True
0ec5bf6cbb0a9195b4db46173203a848,c47cd88262e0b75801a3aa1bc96aba0a,0.9727145433425903,1,True
0efdb66c93d6b474d93dfe41e40be6ca,3112c494c644128c2a0f7fbc1e9a23f1,0.9824633598327637,1,True
0febce723014e9ed2afe3bf5325775cc,1a0f9b33bff0a3649d79b7bf01203e04,0.9855746030807495,1,True
0feceea983889baf5672d8caa4e22781,7ec551736c90480bb8a6fafa54f3bf97,0.9520756602287292,1,True
0fee48bfc0a56f57a07134f30f54ca49,b13de5e3add05a187e393d0eef314891,0.9833472967147827,1,True
108f2256764d82324ed9b2416b958291,439d66d2d3cb43a3208fd15917941334,0.9566463232040405,2,False
1090bc9626ae4dec99207c3b64a1a050,84ea71bf97d02addf393ea467a336996,0.9882534146308899,1,True
10a8a9a745a971ab7ed129c6283a3f7d,964e3c2fc696bb6d6147b24dacabd54d,0.9780670404434204,1,True
10c7898fb3c68c0e1b268ddb57590eb3,ad6e90147030566df6b1353432f41662,0.9677770137786865,1,True
10ce72448dc8291b84c67016f41fbd9a,fbacda290baa284a06ca8fccc2c7ee72,0.8416013121604919,1204,False
11253234dfdb3f8252246a66f3440d6f,19cd8d1657528f7d4895398a6fd093ec,0.9872632026672363,1,True
1141ca7040f9f32bf84531cc1b1d9f51,620a6fbf50a7463ed0a8932782d7b969,0.6627143025398254,2337,False
11cd4062d15d22baae8edc898f374563,5764f6df31c3c05b73dfc0fe5c7bad04,0.9860174059867859,1,True
11f9b8c48b800c4434f693f0e76bc3b4,fcc021adb67098501a473a959211093c,0.9643979668617249,1,True
122bad4033a205ea7a3963d2fd585e89,972205a215810bf6fe377303bfbe80de,0.964780867099762,2,False
12493fb2b3ab6e3a628dfff875cbb335,1517ef21c1a72cf5ba4e1eeb6176dccc,0.9827829599380493,1,True
125ed8b10ae6c064811a76636e949515,f2d3ffcb3aa600272d70fe13b62a56e9,0.9889810085296631,1,True
126ab775290fbfe771a67c94c6d50799,80983c7885cd02c9e9df539b58add687,0.9719079732894897,1,True
1307e25950ec553c3d02121252e6a80f,dc5d3a5a2d4d114e5e4f3cd07fb55fc1,0.9814201593399048,1,True
134160267beeb22f782f92b728cc5abd,fc8455773da14e90df050c6ce9f74882,0.971808671951294,4,False
134b29504e8774c3d38102d6ee81cdb9,aba52f1d32ab593c075801a10a98938b,0.9347671270370483,1,False
139aa5db6376a70044c4c6dd6f4a6666,140543a4d39b1a3ed0fce740ba2feb3d,0.9644196629524231,18,False
139cb12bffe84ce402f7eeef365bb842,273aca7c9745bca16dcfb07930f0fc52,0.9859169721603394,1,True
145c74333d681b537b51a1f2c553c24e,f31359d4b52d6111001bd6a27a216821,0.9859771728515625,1,True
146767f7d93d3093f647e003c9fdb0bb,e00a89e8381aefb07d23390b87fe5d48,0.987538754940033,1,True
146fdf9cb391b6199413967a26ee3305,fbec7a11045c409213445c592bdadfae,0.9869457483291626,1,True
1496bd10b5eb474af7b764aed67309ba,8596a2f7e68a0e11a5653fb2457db08f,0.8029294013977051,3012,False
150b3dd8a42745a633ff7a5ec9faeb5f,25c2e6b1c5a915c24df1732d4de8e435,0.9570606350898743,3,False
151fd14ad2dee1c8292dfc3d211873ed,fd0bb45eba479a7f7d953f41d574bf9f,0.9652813673019409,1,False
1521d8add6039d68060e919270448018,f065aa3e43c7259d03e12b11bc9deb1f,0.9552060961723328,1,False
1553a517c2865e17ba28e1fac79bec75,bbb2cb27e4dde35199f7bf86bd845018,0.9867050051689148,1,True
15d988a363c6d81572a8ed9ccc3f46f6,166f7618e2d9e5c9b05e4dd358f7659e,0.9731292724609375,1,True
160a724e4f6c877d8175fdf7d07a0a67,fbc0c3145008a420b3b038e8820aba1b,0.9880829453468323,1,True
162cd4fc05480042f1429d3eaed599d8,4b3f9fe89534fa5231f41be4a1a6c739,0.9622587561607361,2,False
167ff6e9aa4e03593520c277f4071557,31b7e0ab60877ab8de35a95e04629144,0.977936327457428,1,True
16a9e8227156e2d8598cd22e633610be,a295b26b9db32ad2795fcdeef1d853db,0.9667989015579224,1,False
16d80dbe6d4b3bf22ecf54833b17f3ec,5c975e69eee9359ebe8da3f2a376fefb,0.980990469455719,1,True
17364682bc0141eab397828f49642a60,9e3843c81ae2badfb22d9a46813d4470,0.9853150248527527,1,True
1784ab09ff0d41a78a89e36226bf3eb5,2d2b8462838f388306beebdc1e2994d0,0.9858933687210083,1,True
17a486c9252622e27c2714de7e7695b7,c794f26c98b4d7c37133809c2d3f8aa1,0.9737611413002014,1,True
17e370eedaa11c265e5cabb3601a2fd2,eaa98a57d64de34ccb77c1af98e1d39a,0.9869490265846252,1,True
180e2320aefbf3dfecab785446bc555b,901d2acd51382d7568fd83389f704888,0.976257860660553,1,True
18157fa5a744739d34a3c498e4aa8dab,e8b5dc4dc51b355c689b8bed7d8cc7c1,0.9779967069625854,1,True
184a184ac82d72d499f99b67d6a1c631,a7baba733c9e351d8938a493e9e96480,0.9922170639038086,1,True
18533bc08197fa92ff063ad89ceddc89,2592cfd1d3e053e519598bab9423d279,0.9811016321182251,1,True
1894dd1e67ddfc62a309e78ef7ffc5e3,a3fa13e9535729ec9cb08f17bc8c03cc,0.991974949836731,1,True
1896b63650679d190184e973cb3f2be6,9b761ed6330d5b6e03b1a88a8c5cc56d,0.9654399752616882,1,True
18a3bb8a5a0e5449d25195eb10804e39,798b6d2cc34c30279d4155deebf16647,0.9834355711936951,1,True
19638106770d8d0494e4d1ccf64e1662,5b4d05a2a6b70bbb2ee716979a7fb120,0.9877824783325195,1,True
196f3b66be713d67db88cd412ed8768d,e52afd1585ee4930b0005e42118a6e42,0.9871477484703064,1,True
1a9dc3df5b76c7c4968530cdc05df1ec,ef49ceba7efcbd20b8cc1eda40b256fa,0.9819304347038269,1,True
1aaa3e8a1b4a738cb9a2d358dd45dbc5,760c42976ae580bcfe3381ccb4bc2a2e,0.9542234539985657,1,True
1abb6882a5cba3d9c166736825bbe101,92e65cdbae33b846328b01eefe907fff,0.9560460448265076,30,False
1ad725c53a59666f85d84dbea616000f,f7d2a425f1cd82d6c06dc1b0fb0af869,0.9474529027938843,1,True
1b86a85640e5832e6b27d89c8f99adf9,c0a0956a39319920d02c5c4eb30c5e10,0.9734620451927185,1,True
1bd7ebd175fec439e449bb17786dd824,eee26d27dbba4e7dec07620c11328b62,0.9690898656845093,1,False
1bdf2c81b6b6aad6aae2818a844957f0,20546599b4a51afc9eb43344f42df611,0.9765896797180176,1,True
1be5a513d61c97663d45df55e8d62d8b,63e71c21ffc027a4b9f256840072e28f,0.9742655754089355,1,True
1c4653246dc78308252d47160786ad15,9716b5d2e13a28be3dc836134153720c,0.9784384965896606,1,True
1c6e04c29601f73eed22bd7b6381b8e1,35b5971800492e04d2ecd6b3439b0017,0.964901328086853,2,False
1c9bf14436cc28f6281f44f73d6fddc8,a5fafb0a3acf7f9e59d4a2549935798a,0.9752698540687561,1,False
1cdd6def1e3099a9763938457cf0b4be,f480b897adfe65f572f79d9f8d45ac9e,0.976733922958374,1,True
1d09b5fc1bf2482cdb2e3eb93b94226f,7907a6d9eb98127ed4906b37b5f52c7b,0.9910869598388672,1,True
1d1163f720942d79ca68721d8f634914,4ba2c9a9103bbbaa575dfb3b888dc195,0.9867687225341797,1,True
1d2f6f79ee18460e6b18e3710c87e8a2,b368187a74f04f31a73030862c85e1b6,0.9581366181373596,1,False
1d363430fe95e7bf857cd20b5759a9cb,b0fd3778526aec216e7db68d267c0897,0.9712278246879578,2,False
1d3d8045a44963e4367b437fdf361dc5,8c5c7ff38873658e6047f7bd39ba0a98,0.9859416484832764,1,True
1d46f4df1dfdf3fa0a06b21e9f9ae99a,6baaf1d0cb562d864baedc5db3acaf11,0.9860060811042786,1,True
1d7d62aa2c349f831a43aa023412bd1c,97bf4d65f07954809658e01478408637,0.9715672731399536,1,True
1d93f2db56a439730528e78b5a8c6c65,94ad34192c1c300da99532bb24fd7bf3,0.9781515598297119,1,True
1dd805b0572515c3eac56564cddf181c,490417dca347af4b988ecbe11c54db52,0.9885748028755188,1,True
1df63c491243a9f5c0ad727672be2763,7f46d3906c54e47d26aa7d3114b36a9d,0.8470566868782043,120,False
1e0379988bc494245913cc4bb10fb8c1,345f3e86a3dcc26dce73ceeacc5a4a0a,0.9646242260932922,1,True
1e0ad5923738c6350a87ba9bac5ffeea,d02c1da03b5ef4fb5ea6b793a3c1fc79,0.9799464344978333,1,True
1e1f00a9410f29e4d4c9920530d883c0,577a95c3a3a0fb362b7282fdf9311015,0.9809322357177734,1,True
1e73a4d3e89de944a6c309defde99839,dae6944419535df993a53a9c3b0f8245,0.9482437372207642,1,True
1eab1d74f5c90e353ce5f4440b502bc3,dd52af5bb1333bb7ce33ed9ca36454b4,0.9613977074623108,1,False
1ec31c0ef1a94feed5942cfb9643f077,748ddaf8e51c84b260335520e97a8cd7,0.9744845628738403,1,True
1f1440204eba45ff4f999795c7d52040,cf7f123c8b625d018cd97190a3fb3d51,0.974872350692749,1,False
1f722fff98986499a0aea339cd05a75d,e2ecc681ff1778f6fa897e95221deab8,0.9906550645828247,1,True
1f86b6a526481bc5d2ca18d94f94f062,6e4491b337dde383cdf2a75685dee968,0.9803006649017334,1,True
203c6d9817fc00d1b1fdcc6eae2118b4,8b48c767af9bb73efebdd338e8f07891,0.9614438414573669,5,False
205afeef1c18c6455b3a99703cdfb8df,5b63be15731e9414734353fa1b91adb4,0.9742298126220703,1,True
20c05ea5426b6c50b857057ad0ef7126,db197fde0bcf98431c68e0d443a88fe4,0.9731515049934387,1,True
20ec7cf1e184baab03dad85a1a601532,c7579439b6073eed35a3df5a541b3949,0.9718632102012634,1,True
211a6f165958a7c3f77b5a9b83cb111e,6071aa8ba6c71f822201674f662a2058,0.9827079176902771,1,True
214c897059e8c37741b74163b21ef4c9,86d4621be3deca4f8d461e3abce7d585,0.8198705911636353,1877,False
21842d9a9ebb1e4efb6527fa04163452,c86e99892a6b79cfb79b2770530b4864,0.9721132516860962,1,True
21da367ab5b9d2b74882cbd626042608,35e310aa5194c62964c02048ac88ca64,0.9798259735107422,1,True
21dcd35e0e0aaa2e5453c871874a8ae1,b70651a991d293e0fa741ebb1754e15e,0.9320734739303589,25,False
223a54a99ae228f5ff2dd37df24889c4,70f608a3fafa4e75e3201a78962109b0,0.9807225465774536,1,True
223e1179a9dcf7c13871234edc99fc1b,86f0a558cecdc39f6ace44364795f747,0.9910468459129333,1,True
226579a577a7a7487e97cb9c9a2c3886,46f767c8c76697a603e52b56a33f86a0,0.9703019261360168,1,True
22929b2cf2dd413c3a4f6f737d02a74c,92fa83d9c589d7c819d52fd8ab461241,0.979511022567749,1,True
22aa8069a9ed5dd4884ae19dd73ad716,5ed3bb060e0e6d7fe6472f1982e530e9,0.9877930879592896,1,True
2309b313ab206df1adf09d970478f4c0,d935f3eec2aded067a657c5cf3808d8e,0.9412875771522522,26,False
231c7be81560497b2015a0b9a9a04d32,281fcc161aa1fe329f1ab8d9ae73636b,0.9935880303382874,1,True
24018895d65de3eab9c2f29b071bf2e8,d19246d956e226f8a41ad8848482c5fe,0.9757694602012634,1,True
24059c009e9ce9f671be3182eb6e24e3,5d5ba6a776e985a917f0028258d6593a,0.7206519246101379,1269,False
24ccdd39791fcac60d157701cb18c200,a36875e181db085aea379748f6664b10,0.9775283336639404,1,False
250e91349b32a3a0a04153a94c9c5844,f2b4695127e8d36d54b5214ac6675000,0.9788416028022766,1,True
251e12eeb15fcbbd0a39cd7928c74345,28ca63263be7194fbefbfaedd0637469,0.9203372597694397,115,False
2577c90f6ee46adf9d3f7c16ba8db9c3,585673c1e2a7911db8386224726284ed,0.9737122058868408,3,False
25c5c31bc182f9c26fb4c084e1fa2df4,f7b519160f85eb52ace93414ffce8982,0.9771907329559326,1,True
25d8ff4fcd3f85d69a672b69d29b6339,b1ecc44ba2bffeba5ad09c2a339f40fa,0.9940565824508667,1,True
26149968f810b690fca81375c1d74373,c445380a860360322df76605978e1618,0.9798889756202698,1,True
264e5e8732450598190acec51da65cdc,bacad594d4d9ad882eda3a6738326d52,0.9921900033950806,1,True
265e7f265773d27e1770a3cd3ce05677,66f5cc9041b6485114cf9555c31e908d,0.9770336151123047,10,False
26b5257856e96a2a3d3d3e681ae13aa1,6259bdf29094e9a832bb47b970ff8cce,0.9852114319801331,1,True
26bc992079d504e172e50fb565915bf7,7cbeecc6a98ff2a1f4acd69161732d52,0.9627685546875,2,False
26db031a2a246f6525d08296fad489f6,ca66a5c35e8d7f0e026086d58922aca7,0.9818127155303955,1,True
26f717c6128d8e5d0854376f01893c8a,e4bbe0282fbed7b4c2e82a36fec5246b,0.9794297814369202,1,True
275322852b2d7d5cff8a19cc5e72ff4e,9bc88ce8ad471cce57ed97cd33cb7f35,0.9443423748016357,2,False
27b29f95c9715edd273ed25920611a63,b8f511d4afc6bed859861487f76a14d0,0.9314320683479309,95,False
280220720b546eacfa223edf513ec94e,f7956aab178ff4c161a505b6a050579f,0.9168678522109985,860,False
282cb9398d53504c4fdae1e18d2dbfbf,b4e5cfe0f1616168c2a4524202c85327,0.9608101844787598,2,False
285e28ef159dc6a54e18cc1962136596,7c9d2571c6ced829b53f37465b030c5b,0.9745804667472839,1,True
28c2858a4d611799f6748464e1eb825d,a54c950714ffed6411b859ac44766467,0.9814351201057434,1,False
28ca3539cc4b25b0a3d571c1fe108aba,71e9b5fc5cd1125e0d4c4d54c2a1c701,0.9775615334510803,2,False
28d2e92f40bdd98d7cd5275fa448fe2d,549f87924e4800a7112f6edd5c250ebe,0.989250898361206,1,True
28d634f91167158876095cfed86ec0d1,c16bffeed45057312c510c1a5547bdd1,0.9011811017990112,123,False
28de07f534e1942fb63732ccd9e09338,cb3e71bd3331bf85370d0a3a3071f47c,0.9750505089759827,1,True
2902a2f38703f59632892819a1c72377,9140f25d89ce21afd290027d237a1c36,0.9635195732116699,3,False
29053c264a170a054de97ff356245dfc,9b4f01490d9d27e94dd2f49f8f53053e,0.9552979469299316,1,True
291b2132e1fb9131478b8d691406874b,a579110fe1e670847d9d146404597750,0.9818664193153381,1,True
29266f4feb6766468bce536888b3bc0c,5e8b71155d862948b6e0da88f0b41789,0.9813006520271301,1,True
294017fb97e4fec299eb8e83fd2d3be2,9a22abb1da9fc91bb8ae7b91bfe1451e,0.9658241271972656,1,True
29717c0234da6f914f61eb927d138896,ebc22b45eb3ad26c9d9883d912038f6d,0.9135468602180481,13,False
299cbccbc459c1c8c2685a92fb3c9182,b7131510648c471e74823eced92cf622,0.9901531934738159,1,True
29cf9fd036abf9bb241580d247b39b1b,3bdd92d91566a9719c76ca639db6a143,0.9702050685882568,1,False
2a1a6a11e1eca0c26b102832b362a5f3,3659fd7b7207e8a9c2595c04aef3587e,0.9896169900894165,1,True
2a3883e1ff960fefc4b94fe5b1b0391e,3b9c3ae2d2f1abe1498d4c746769aaa0,0.9683853387832642,2,False
2a4cff606b103cb1698560ba1dee0eb6,6fe956eb5739f0877752cba783828cd2,0.9843175411224365,1,True
2a6d0c4bd562bb83e9863a175af50de4,766a40322fe11a3794eada34c348b5cc,0.9739099740982056,1,False
2a709812f21cab8f45ccc91371b7dc5f,5f7ebc491021150fdb969866ad5f6d81,0.9907170534133911,1,True
2a837ababa0cb124818a3b4852244711,b8affdee909004e05802b957c7d6e61c,0.8843576312065125,1277,False
2a8e0ac626666a2e86b868ff22249946,98ee892e5c8c6f3f01d3f1705f16401e,0.9692578315734863,1,True
2ab52c52ba33baff64d3de0c8e10bf82,45910500e405b732fd6c0d50c921e3f4,0.9798257350921631,2,False
2ad0a0582297b6f2ddb131796e300ee3,fd3926d5158b0502b1a51811c50c3976,0.9669742584228516,1,True
2ad0f2857a4552a25127205fd04a5e9f,b0b8b9f98e54aefbf88c4fca02fde51b,0.9661120772361755,14,False
2af2dd6d1fb4012582c9932ab3147492,6811459c1bf02a325e7b475a97abbdb5,0.9863717555999756,1,True
2b2866cb48fb18fa8dadd200798c5feb,375b2c9501320b35ceb638a3274812aa,0.9903337955474854,1,True
2b340c9844077ddcdf641adac5f116e3,97659f526c8c25f29175c9c5d36d31e7,0.9596374034881592,2,False
2b8bc8c425c959228db9a99fd1b4ec66,f84a1ebc74a6004395262124e0ab1d9e,0.980431079864502,1,True
2b8cded1eb60bf2f5c97be4576341a07,fa2d82bc5c90ce86b88046cd216fc720,0.9539262652397156,1,True
2bb4f3202acd0b3cd10ffae292b6edf8,c8f84d9ecff20af2842de863f6963dfa,0.9830414652824402,1,True
2be8c910fac204ab798528ec628e7495,4f8ea724680d43c27a0a2f022fbee4d8,0.9848237633705139,1,True
2c6daebe0963942f9b960aa3814b0b75,44fe9866a8fbfc80642bd800e2e4954b,0.9766907691955566,1,True
2caca376bbc989ff677e3c82928b5fd2,6e9f8456612b8c7ee6c4a5027539bf80,0.9048165082931519,933,False
2cd0a5200034022b5e594f200bb8073d,55e4c013d70e60e4db9425f9f6fd8997,0.9543952345848083,2,False
2cf0ca3050e57483195091e21cfbbab6,5c707b3792821638b84b524ef9ad3d4e,0.9568057060241699,1,False
2d0be5f801037c5471b96ed3984a4e15,813691e100f1c3df95efc0113bf36e48,0.9869099259376526,1,True
2daec36424a8f2afeaa4aad3d33a1589,96fe9eb038ba77992ff6fd1b16ae9427,0.979346513748169,1,True
2de0597cbb7af462bfdb7b1c4f935248,9d1bda4d28af5a9f5d1d96833cec1728,0.98207688331604,1,False
2dfc3c0d45043aa9d7aee9560f487a43,51fc45502634ba97726929d243438c63,0.9650869965553284,3,False
2e1107832601b1d8e00fef91a5a41f69,71a3a451b367b93c6128e26c1516379d,0.9767123460769653,1,True
2e2d3ed2069dd704dde97c3d6d194b94,2edf6cc7696c91d86eb86413fa9c82d7,0.9662928581237793,1,True
2ec367872ec7245522d6090ae792d6e0,9aa99fdb2c7e1853041be93f9c36bbab,0.9774116277694702,1,True
2ee5b3ee58d54264c2a037ea1c0ada4b,6392947d42a28861f68363b1f2e536e5,0.9829586744308472,1,False
2ee68cce1ed0a65cf352ed55488979a0,c4bcc0bc2da6444a5e4300f7bd2f577c,0.9408867359161377,1,False
2f06601cb2159b6b369e145d19e59081,be548af60fd350e776d30cbf208312bd,0.9874921441078186,1,True
2f27c52c7d58fbe0818d6531d3707c78,a184260ef13d42e03b958406346024e2,0.9771126508712769,1,True
2f36ff8187d5edeea79ad2e87763a89b,41eabdf6d7f3a3ac22d0f7a83aea1053,0.9527536034584045,1,False
2f5379bf67ca1190c7f168736d9d8efc,7e424dff3f544c36ace6d9219aea34ef,0.9914923906326294,1,True
2f711ff54c15f3d9d627cb5e98b278fb,b0de7c7d835587ccfe43edd3eb647817,0.9864823818206787,1,True
2fb68d6713a52e322692dbc99ac82444,3795ba90ba4303d37accaa4eaf82c747,0.9832826852798462,1,True
2fc6bf2ccab59b08bb4b3cb2ee0602d9,86ffb5b169bb7a72dffdf930233a446a,0.97154700756073,1,True
2fdc521c56b6cce0e7907d05a8db1f25,618efc798c3906c2dc60618853c7e2e2,0.9910354614257812,1,True
301d13eb98beab38bf58e20fe04bc68e,aa5f6291ddf9631c11f89925308051ed,0.9497054815292358,1,False
303090fcc31ecc2584e6addeadfa1402,dc2ec851fcbf594f11b023387ac15003,0.9740167856216431,2,False
30524fa719ca467beaeed0879835ae7a,b06e7d1627d5ec60135b82b4c0663898,0.9826847910881042,1,True
306c500894cef0f73406f227152ef357,e175edbb01ee93372ae54bdc1734bcf5,0.9641374349594116,1,True
30714dc10ad30cb8cda2ed487ebd4934,7d86f8993e77d4f99ed19b2965d5067d,0.97052001953125,1,True
308af8bc571b7c2e743a35d7489e4e32,85b7b5e97f0556d09761a365234f1ac5,0.9814773797988892,1,True
3094f0e7f338e708620942f9f939c7cf,76541217a60105571466b759358ab8df,0.982058048248291,1,True
30a54c050c9eb531d2709b05ede484ce,a0a19caa7f2b6ff84b3e5cf0aa3fc68e,0.9716827869415283,4,False
316a926df7392be710915fdaaebbf18b,5ebc2544193fed9aa6e846641a8d8f1e,0.9742223024368286,2,False
318ff075e5d3a785584049343b93843b,c3fbbd442c89676b42a2f49ef7428b30,0.9481680393218994,2,False
31a2c62376a98ed5062bbe72a92b3541,9064f0eb9ef8bbb376649033116fc380,0.9836522936820984,1,True
31cf52bcc7a77d04bb82932c235c796f,cd248eb09a3e4a1ce70b2745f45ce332,0.9498051404953003,61,False
320a5a8ed48d1d03103a79659913c987,ad1592d1b4b1f734e59a92f5ebef305b,0.9602828621864319,1,False
330823f8120df480aefdbf1d107747ba,8143e5473a650fd79750a6b4cf7c52e1,0.9465457797050476,6,False
3381ea445ec8554a5cb3e7d3153fc0c1,64c7193405afef922cfda4c959bfd28f,0.9791188836097717,1,True
340236fc3587d38939e3dd669bbfe3e8,bd6a39de18227e44730c228369cea0f4,0.986747682094574,1,True
342cf992c6259c1e9dd731d27a4573cc,d5ac3e845ce7d8ae724837805912da91,0.9270660877227783,1,False
343071a8c11157ff068bfcdbc0f76ca9,daf178053958c9d2e71a7c7bb9c3fbb7,0.9865822196006775,1,True
344764125b7586cb29d3af60106bd807,8fb12946881047895dd14ed095a99367,0.9885828495025635,1,True
344cc56a75aa993d5b20be3f31210879,cdd38de824722c0bf9d9494c258c6bf6,0.9687771201133728,1,False
349b1b6fa6ffc5625b8eedabf03d5948,a9534d1d06ad290d690bd88a164b9657,0.9821476936340332,1,True
34bf9dcd2f03642e6d42163091900112,c815395bc70fe23c78b58cb3b6f2a19c,0.9701436758041382,1,True
35590689349e29d6540a7c14f8a3d42c,f539f2dcee1a03c730a2a5a9e2298fb7,0.975980818271637,1,False
357bb7135ffd688bbd6ae0efc984342e,8065167dbab09db4ff16c3a34da435b8,0.9795670509338379,1,True
35b2e442142f53c58e83e1a0f0636472,8dbedd97ed2b7b01525d6800d52ae073,0.9531546831130981,1,True
35c7912e941c9bf21594deeda6c891e2,3e3d938e4279c4339473f26a7eb5020e,0.9777994155883789,1,True
363cd7b84bf86e6c8cd7073897b97232,a36b91d58c9dae658708fac3ae14b969,0.9847479462623596,1,True
367f122e80bcd0bffc02f6a04c1d8234,9effeea56c413b92340b89d1240769c1,0.9710748791694641,1,False
367f122e80bcd0bffc02f6a04c1d8234,b5343f9567df8a68c3276f8d8cdcc6a5,0.9698135256767273,2,False
374d5401159d9bf39ce20b395d82c0b4,86fad088e10612415bb805aa7d53e387,0.9749624729156494,1,True
3752b697cae9f81a9d5ffe44dac58e7a,3b89fac978a021d49806d2f75cc9f4c2,0.9797267913818359,1,True
375771fed439d26b5374aae3f6b1d653,67319450f16093d1be341212bc57c86f,0.9888767004013062,1,True
376ef68c69c0f8d101868342a2d50b55,4fbcad209342f96710a73a57aa14a55f,0.9770826697349548,1,False
378e5f9c174b753e2269e584ba82a086,9cacb539b16561b6987029301b5f4bff,0.9918542504310608,1,True
37a8139578e30b6572bfd3d2145e6543,b25e5ec86bdfecb9335f0e683acfda87,0.9712826013565063,1,True
37d3511b61cfe994b82147b5d4b09ae4,7a7cf950c048a74193c9420df36cff77,0.9732576608657837,1,False
3848fce177d0cc469f4ca60d802445af,a1fd7998cce64a8747a682bf524951bf,0.9765815734863281,1,True
389758c9e3aad00e774d581150f372db,f73951fddf77034c9fd44cb19f5fe6b5,0.977599024772644,1,False
38d5fe1d5718ada9a476c7690dfcfde0,b32c022c602405cbdd8c23ab0a4773d6,0.9795037508010864,1,True
38e5d191e77117979a52ba888ea2df9e,fac926289d51ddb79e2739d2b075d627,0.9738299250602722,1,True
38f32b275b2bf74ee659cd5acdb14a8b,b498ef879c259999363dafe50f2b7acc,0.9704329967498779,1,True
39026a5b4f7486acd7ab9d02482ff69b,ce5f21729823eb5d67ce2d874844e70d,0.9755012392997742,1,True
3916b0e11e209f1afa4cbcadb3f1b9dc,83300a2310d4bcca4194a54e5c276af0,0.9663612842559814,1,True
391ffc7ec4eefb3d19575a93b7641bcc,f41758ea4ca2fa1520cfe98a4c064e54,0.9566311240196228,1,True
39eb89fcccf2ffc38f65fc9874435d40,581a0ecff3a2c886dbf5725909d210fe,0.9821046590805054,1,True
39f36065811dabb953b5fa41f826f669,a8133622df02940b40d4dc7c6c0b2712,0.7199302315711975,1320,False
3a08f79c589a9e1d00a258e86a1331ce,6bb5a1ea7cae19a7a11fa7cbd55a7410,0.9821456670761108,1,True
3a307aeade076ae4aab09ae25a5d30b1,9f08d625fda6cb202fdc3193a476b1b1,0.9714231491088867,1,True
3a6161c02efaf0c49fe4dc6ffd76c838,623055537fd299a566acf58214ae2133,0.9903943538665771,1,True
3a76c877851189ebc84fc86afe311276,9c86cbfe613e532936220f1c325cd108,0.9597958922386169,1,False
3a9d5791b0cc64ff0dae5dd26e6006ab,e2578d331ae6cb3bc649027498c8ff8d,0.9792042970657349,1,True
3ad48056423f5a0710d13d943f112fe1,d54a086123963adeb84c160160bac353,0.9696605205535889,3,False
3b5b3a2cc026cf58cc19bfa66b4873e3,be2b21968d5ad6861b24d7ca54d44ad5,0.9421791434288025,34,False
3b60ca0ed4e75480321776ba7aeba987,6d5cb5353d700dfd4e6380508535e41b,0.9596989750862122,36,False
3babb9b35e40e2bea17239a5a3ffeaec,92d2d3c1efe901481be93f2f1b4cc2df,0.977878212928772,1,True
3c659b2837afab3af6b952fcbaa6a515,6226ebfc1f9b743a8b02db4eb7145738,0.9801177978515625,1,True
3c6610ef769e5c09d9e7b9d2c2fddb40,bc57d58be4d2adc326b4dd33e892d143,0.9853160381317139,1,True
3c87d6e4b488073a424d625d6130dd25,a4d8550e3c9eeb147f16812c33fe594e,0.9869682788848877,1,True
3c8b636f1d0af8f8e4d5cfa2479b4069,8e1caeb7b30b4cf3b1d07e777aca6a67,0.9692767858505249,1,False
3cb832450f38c16278b3c78d15f7be7f,c830e13bcc901a882b0107569025d583,0.9823145866394043,1,True
3d334ec1be0544fd6fff794a77631eef,dc474e15a61e861a6a14f334e10a7934,0.986809253692627,1,True
3d3988b1b72273ee018b40c5acd51e43,8410fae68bb5de5c8c1b080810903bed,0.981678307056427,1,True
3d5b16b57612afc445ab30c74f2b6972,a280d60407c69e37fad4d7290ac948a6,0.9859902858734131,1,True
3d7c76e3d1106d038356561b67b4ac1a,cca2cbc5a43349c6e79201e8ee02660b,0.9734622240066528,1,True
3da913b3f89eefa02a90c878ebc4c3ae,8794d36a3038f4537f7d261d3af4eebd,0.9822328090667725,1,True
3e1160cd1ee5bb7c72a9ab1b5837eba2,749bbeaeb604f1b95ef49b17f9ffa417,0.9872869849205017,1,True
3e5fc2e7be262fb77362fb82e4850774,5b003d43ec0ce5979062442486f84cf7,0.956104040145874,1,True
3e6e4a8f49b190ff3656c6cb85dae975,bf1b395053b3d584ccee60148cef87b3,0.985596776008606,1,True
3e8bd1b2ba7150e058216de2fe2bb3fc,89d9673df0dede5b57c52f98b43c1f9e,0.9605883359909058,22,False
3ea2b7849d7ce4fccad168565e8e669e,5da72569e3908391620c3fc13b3fd821,0.983801007270813,1,True
3ea446fb35b118a634e5f5ce509f672b,7c064b4fa48467ba6c1ff3b8a6c28bac,0.9069110751152039,87,False
3ee71993acdc2ab83790ea25fafe319d,c00150f4dde0bf6e3c62c57c33d77731,0.9851169586181641,1,True
3ee83e295ae1fca3fbee89fb67666bc1,ba4a7100888e96520a047cbd8f889371,0.9457050561904907,4,False
3ef789f8caa7186261ad9f77bb552c7a,c23936489d103366825cbd33c09d921c,0.984060525894165,1,True
3f09402aa669e0e9f91b7f158c8708cc,8e3e843a0eebb79b5ed06f97c078eb87,0.8344953060150146,372,False
3f1932eefb6de2c9b6666565a6b93765,d2c964910e2e8295fc329dd57918986f,0.988511860370636,1,True
3f5bab6cda2430e7cdf7ab27566599c8,9af692888cef9a1698853f1424cc6fe2,0.9679133892059326,1,True
3ff30b9406f4c44c9b8dba47615f1fca,cbf05dbfcf24b4fc7dded902c1ac37e3,0.9873369932174683,1,True
402fa51bb615b1a88200c65ce22c76fe,c141ed8d4226eef5e743d77790063398,0.9130503535270691,394,False
4056ca62c7372fc17eb1cb55d58f0866,5c023def11d24939459afd3e3cb69620,0.9256932139396667,93,False
40a7138f52ba6bcb66a4cdc432280261,eeb26ba1afa30bbf4f88d8c38b42c313,0.9734834432601929,1,True
41cb4989ff5f99e7fee7af7e666e8319,bc4305fd88503b73edcecdffeef190fa,0.9673547744750977,1,True
41d7b7080bd5422ea9e0539b9f085c3a,529ba9e8521115b9d2a606a2dd5ef7e9,0.9678661227226257,1,True
41da5a69cd944b9556aef7d8829db011,bfa0d8a65df9b8c5230599c120f5aa99,0.9655544757843018,1,True
424695a2886897279fd2d40c394d7848,96907a7abf71ca7e5e48b36514d6c7f2,0.965691864490509,1,False
431054766be0a31b6a652aa5d1caea41,ee9d46e743ccade3196701a6068fa860,0.9916133880615234,1,True
43111f9c3a9aca9f3b1daf09f392f3c8,e7db63dae4f1dbcfe945651219d34674,0.93272864818573,146,False
432abc4bb7e9413b738f13e982b11868,badbaf5d20db12b65b518ca473bfd12e,0.9514858722686768,1,False
4351d8299a773ed099cc12148b61fefd,c500818f3a0e7d3a10a0c567e9665035,0.9887280464172363,1,True
435f5526bfee811bcd4bbf54ad40b600,d0722f1c8a76133ce8400a4c1dafce5a,0.9787490963935852,1,True
436b91d1faa3d2c896f31e1b91b868a3,f964b9543ed1fcd3fcda049d744a50bd,0.9863815903663635,1,True
436fe677570dbf833a4298a1f0346edf,a081ddde3cf1cf227b66ca1273be9459,0.9800515174865723,1,True
43f1934ed5821f2b4897e6535b432668,dd1110c6430e3b1ac732be548a089886,0.9780657291412354,1,True
441265c6b4598e9bcd10bc10eb6293cc,7a1b601b146af835cef2bc71ea599c65,0.9758418202400208,1,True
446664c5c1545096585825aad5bc9310,d874fa822ef1370253f2e72f8d9b483f,0.9565896391868591,5,False
4466722a9c574e8572224b7e853d4f53,7dcb52d4a04fcb59f5596ca381ffad29,0.9581502676010132,3,False
447ceabf87de7431032ef708132594d5,a9de2f159602a6c08dde0551062fb74b,0.9816337823867798,1,True
44a18e239f8354b5347d91855a2508bd,a8d547b83d523669de401e539503ab03,0.9766988754272461,1,True
450f03b3f86c156365c1f7ef8e38f995,b6cffe7fcd24b70b911495e4120e6d84,0.9746620059013367,1,True
4556ea2541ab33c9fb2461d1aeed2bc6,b5a7d649e169bf6e9c7dbbcab7354c8a,0.9876631498336792,1,True
45b722a9c968f995fcc13d1e59cbcc88,79d835c5885552240b7e7dd5a5201dde,0.9901860952377319,1,True
45bc46a31180f65994e37850418e237b,cbff820f299b577e2af5ed136b6ef6eb,0.9811201691627502,1,True
45d0ddf0aeb9b7f3c8e6c19c4405ac99,4867b2a030243b9079a0bf08db01cb03,0.9689660668373108,1,True
462d4231224f8acdc85dc9449f803a2d,bd7b04d0b48b5fc9d004e93b536f72aa,0.9766172170639038,1,True
4639b28cdc127ee5809e2223d50035ed,ff228af5af1389e09e293692ea479d98,0.9851835370063782,1,True
464f8dbd8b906717dd1eb94a344f7262,c9702f84cf4495e31190352abe61160d,0.9873911142349243,1,True
467e6dae0cb2eb1af21e9cc3c602fde7,5af696841a9c6453f9f667bdab0621e5,0.9901831150054932,1,True
46de8984e7374ec2a14fe538720cf688,55c836a2684cfeb94928d662a52344d5,0.9852491617202759,1,True
4721d191d9f8a869dc31fd220e5bd1e1,adb134cdca78025db20a3607f72edc92,0.9395726919174194,4,False
476f0dfb144aee7d5422dcc3b2b97a9f,e187fc91f755db1d0885f19a0b333523,0.9846776723861694,1,True
47791bc4ed9a7eb5329f4af7c4bbb84d,798bad8db4b90b6a0c012465a8fbc344,0.9853827357292175,1,True
479200a381febadfd767615fbe77c3ea,9732d77870c47958a27d32126266ef89,0.9849154949188232,1,True
47de9353032a12ede4ea28c8217b8a35,ef928aed9549e5dea8d67c57fb79e45f,0.9082896113395691,130,False
47f34de873955e8e03e954e3882d747f,aa176f6d6e5674ccf6e19ef3aeb3e243,0.9836912155151367,1,True
48440a60d18ab8e5a6f09de20a50bb27,4889d1102cccd3a96257d9966309d793,0.9709880352020264,1,True
4859aea02180c9b02fbd1be4e538240c,949b9f749f20ec960b36bd2fe50ac056,0.8846367597579956,1201,False
487ca72fd110eee2985954aeda10f456,d12d9f200e1746eddbbe430243a46cb3,0.9680204391479492,1,True
487dd5dc98d2980278b5be229dd56e60,5ad5cca8bc4c96585d42a6f8369be1e7,0.9842089414596558,1,True
48ace73483c38f13d786c4da72ecf25e,57fedc6c794b7ef4e0011fb9882ccaf9,0.8794941902160645,1441,False
48b90b806560b21a02cbfcea8a2b3977,d1071efa4e88c78030b7fb2b46217943,0.9830647706985474,1,True
48df3ca910d365bdea427ed5b7c31808,56c011c71edcba80e2c4fb87d1d0f26e,0.974431037902832,1,True
492bf65046ad2ac9f710930418b15a75,d0461ccb7f1b70ee7dc3188422e246d9,0.9818337559700012,1,True
4953f5a813043846c5e93b13adbcd1df,db047ccc6fbd5ba7b5c18321d7266384,0.9646903872489929,4,False
4968e5f9e8c2d58318e33902e4617575,4ed29df24a54fba2e6ee2c14716c2e62,0.9711993932723999,1,True
497e1c9755641be4757136f16b8a8fad,81b6b10c60f38572abf01c112ca59646,0.9700688123703003,1,True
498406f8f2e057bd58e5ec040e78c3ba,4a7a70d00251af024d70dab5a7e8d228,0.9597216844558716,1,False
4996dee45b988e6e90cdaac8d5efbe7d,91cda229f5cca86a0d2c7bf78cfce02c,0.9786939024925232,1,True
49b4a94bd361663636f85ad747ad0da3,b0db6c7062db390ce41581728f2ef122,0.986507773399353,1,True
49db2dc6d2b8ec83e08ecb69182012e1,f1f74c4aecfa7f9baa760bb992e4c720,0.984020471572876,1,True
49db41e3293630f0b1a566d7c9a8f07e,a6c30b9c00539ff6e70c8fc774232c61,0.9829702377319336,1,True
4a40f41b4f18ff0dffee2fefbb19ed3f,ad0c63c4474947e4fe009453a3a6147d,0.9676347970962524,12,False
4abf4f8b4b7768af6eb06d3ef31b1e09,cca735c397880e88192e97d68b97754e,0.9691002368927002,1,True
4ada62a4e80e0cc01ceac327b2f5c57f,e920b4b7fadf9463723ecd4e5755c485,0.977462649345398,1,True
4b0ef01c012aa7824c2f92984edb8210,5dfa62a4dcf79b511d935096233f35e3,0.975375771522522,1,True
4be68ecd2fdbbf7a19ccb574950badd7,d60a54e0359baa5b161a897efa7e87ee,0.9781695008277893,1,True
4c4c624b8db2f481703c4ee6dea58bc2,e424946aa014c140468320fda4683cb4,0.9714523553848267,1,True
4c6a0e8134aee15172b8e37dd7972680,c993a5b569eace9eb753856fde10c151,0.9775270223617554,1,True
4c72ab6a23ced34d785ea2e413239639,c37af9634aac2e27a80dbc6f115f583c,0.9862815737724304,1,True
4cb2407fb053b89d54b59d0ba09aecc1,63006577b07056d2789dedce40da466d,0.9803645610809326,1,True
4cc1691f988cd4596b2a38d1e64c18ce,920249b849efbeedab4cbfe37d735404,0.989607036113739,1,True
4ce70385b1b2a8d59d8d52f303e76285,ca1d0ba4f959e2f47667b94fa5e958c0,0.9726462960243225,1,True
4d803d599e3aa34b4d4d97b0e3a6ff5b,a59a439b05a88a8ed3210054269c7bca,0.9816991090774536,1,True
4dc731d30fb8010b313c357fa56459e3,bec80e876b9ffa8f24cf85beaa431667,0.9865200519561768,1,True
4df489a9cfb4d30f8613a9dcdcdb6697,f80e5b2afa3ebf635c446fa08a3d7a45,0.9496046304702759,42,False
4e60bebc14d01b30a0873ba7ee026dac,6e229bc5d46c2bb07cb0ab6b64c30a48,0.9905878305435181,1,True
4e80b5738f591c7d0d91889c2bdfd39d,8013d514fff8374e2f0435f808a57d8e,0.9798983335494995,1,False
4e95048eb0c0413e5fc648b1447cf651,c64dd4f75e74ee4c23f27a8d99a3ed19,0.9762268662452698,1,False
4ecad8aefbc2ce6931baaee0cda6955b,5d7632f1794e2cebb36e21c51c9f4402,0.988378643989563,1,True
4edba0c8cc0e39bac58aba99442b60a8,a6e3d28846a05057588ca4a6b7bbc3ee,0.9401758909225464,17,False
4ef6decdc9422567eb07d8048f0febb6,c4b1a10db8b0cdece7a1498b2fcbda7f,0.976946234703064,1,True
4f066c3230d1e0d5f38a1837ea1a86e6,e3e660456c62fb96e17658af48b3e7e4,0.9638167023658752,1,True
4f7d297df486c7ce49e855d0471b7158,b6f6624565452fa6d2ca4edb00db4204,0.9878495335578918,1,True
4f8c97e95011e0949b32fb9f3118177a,bb2fb7ab470f27bfd02dd9a42b6c5255,0.9916814565658569,1,True
4fae900c0644c8418c2028629afbd4e5,5bd19956ab63289395ba2b259a9aa8d1,0.9617249965667725,2,False
5000f1e3635cd4bf1ac50930e885e935,e6e7517d1d5ca7249c6fe106f4e7bb6c,0.9820569753646851,1,True
50d2485d0802f6b27cff432ed6f8be70,751b5369155b1086d5a5f3feeb21bdc5,0.9785791635513306,1,True
50dca6da456cc4a4970e94207fb9e8d4,d0cb73c9ad19c13c6fe93cc2c61cc073,0.9825897812843323,1,True
50f74e7e621541065c3b5955d41782f2,c907464eee427bcfd931eacfdf64a5d8,0.9720355868339539,1,False
514f766f399e03368682786c5d23f3e8,8634ef0b80d1353887839c0a4a36e074,0.9741233587265015,5,False
516598fef0cb4c22e42999b3df120e2c,810482a949cbe7f5cd785a1dd9f0122c,0.984760582447052,1,True
51aa1de7c4bbf08d3dacf37183832cbe,85ec340020fb63c782e84901880e8684,0.9699050784111023,2,False
51eff3eca711a0e2dc3153a420c98c8d,99fb9478334093d729eeb281d522ed63,0.975951611995697,1,True
51f70b98526218f921f34b110f55ceff,63119b7889164b2153a2ec1c829ea853,0.9822087287902832,1,True
5220a2cb778f8567ebf7f81ab2b103ff,da5bbea85af39c137a264ee0bd56ef50,0.9643199443817139,2,False
5252182ded15f6179aba4b367c0215dc,98c76020fd2e71039c259365994f76d6,0.9812933206558228,1,True
5289380c455996a3c27b717c7cc2937e,fad0fe747acf40fa1fdba4a7d115d8e4,0.9935049414634705,1,True
539afe8ddc8d58e7a0c07463298fb019,871e9ccf18d457762de141db98a043e7,0.9887264966964722,1,True
53a0d392e204cdbaa181fe636dd62600,b0ee38976e71dfbfba705974713ee612,0.9761207699775696,1,True
53c13f2dba313251cb0e86eeedda6bbd,e64598d6884499b44b9bc615912f4f0e,0.9845073223114014,1,True
53dfff0cecd06c15f600d334e7324b78,9928acf6905a4a2542f6bb7c4748c89d,0.954748272895813,3,False
548590e1e989bb302539aa8ef1e9809c,ff28b460869954e8ba28ff6b9919e46a,0.9603286385536194,2,False
54c0ade41f99b4f8d141628ee9c6be50,c700a1b37758fd69f789af12118d12b9,0.9894587397575378,1,True
5504b8b281b572e1da90774ff3f207c6,aeec9f0bc83c16e7128b26e41a4d7ff4,0.9643378257751465,2,False
55204bdec9718d7d1e3c17a8f452c0f5,d5cef9fcc30f71c7d24d00114bcfecd5,0.9127010107040405,53,False
5534719b308ca4fb9f6662a81eb3e002,a07104de6e1e00d2afcec36c7879836f,0.9658182859420776,19,False
554c017aec32fb7b6448c3ba22d3f0e4,aa3c01d5326e3ed117d9266d5ed6ef37,0.9886339902877808,1,True
55871a7a0ec1e0958ce44dd101d48be7,83ff615957c966e2f9defbc4339196a3,0.9681220650672913,2,False
55bc19f33c8e76d179d4fff167424383,ba90d2787827da36ae89c1512c8d5523,0.9724081158638,1,True
5618c8129a6db9d5d94bb26f2b58fe4f,fd08b2bce422f40a465664f9a5f9afdd,0.9792540669441223,1,True
562ed7c01bf09ec8162007d798ff0b51,9f526a7b7baa089ce9dfb5c7bd4e7250,0.9775773882865906,1,True
565b748e64e5f6895bb1abce1a7ec163,915845d6283e37f8855d3ac5c0bcd599,0.9802398681640625,1,True
56b528601b6b868a62fd4d73a1a0d74f,8d58a0c1160a5cea99d5073231becd89,0.960369348526001,2,False
56deba64468141b0968ad8899b121b15,c8cb1c570b772e3f7943e254ba096e9e,0.9869372844696045,1,True
573ad8015383dce02cbe6dd1b9b0819c,9ec64c6c8719927e925732777d70254c,0.973720133304596,1,True
57ac237fd7804341517927ced4353c71,f85334e801a490f557571e1ee2ec7a5a,0.9652664065361023,1,True
5846acd1f690271cfb0264154dcccdd9,6426935440acd920bae26da8165ca680,0.9837582111358643,1,True
58accdf477bd85e51be2e67c291b0896,87667e72b7fa0491a09fc9555894bfbe,0.9596039056777954,20,False
58c59865a2b61e6dcd15fdd75c03f8ce,af4e9bbfb08853b7b2813331fbe5b877,0.9787743091583252,1,True
59001f029aafc4adc0971c0397df6173,ab4a7247e87d9cd8b7106a64b3dda927,0.9807496070861816,1,True
591be7bd1ced8a42f257d9a467cb7133,d4e11ec26633ed74394b8df2228bfb75,0.95159912109375,5,False
5972250394f2673e5a8ba5fa29cd9754,dbfc9c44024301555f3cc9118f1f3628,0.9799799919128418,1,True
59750807e9d7869288cc60f7c318314d,da1de69a3097c5cecfc5a5c20f125340,0.9752082228660583,1,False
599109af85cae9e827c3e89982f0033d,7436cdbf9876ac812cdc3ea7557aadaa,0.9910630583763123,1,True
59bb9950d1b0ae165609203a9bd76383,ad155660b0018e92984f4ea49e246731,0.9612332582473755,1,False
59bc7df93b3b01dc3a1f3935555c3009,e70a78a696e2e294dc4ebaf48c449804,0.9208372235298157,154,False
59f2e4a9a209e933826447819f890aec,d067d3241f1340c9c54c1b78a5a780cf,0.9747008681297302,1,True
5a147e41134b03ab6a358b3db92d30ef,c59ab7f1ea4c892a0845646933cc3b60,0.983925461769104,1,True
5a19b7514d9adb447ed6aa694811f1eb,8f4163f9e76ce4d47678985228bace09,0.984158992767334,1,True
5ad9615573f2a12025d6c4fe8754b548,f5453bb85ab33f0f99e56b296293737e,0.9609178900718689,1,True
5b068fcb3a6af7142be9e39d24d1a8bf,950719887cff5ded2cd4a8b4b1f76efb,0.9831411838531494,1,False
5b2c1fcb4a370400b64df671560fb733,7d60fa34382d46eddec04ec8acb4cb52,0.9804112911224365,1,True
5b8542dc1477f67d3d1c5984b83c14b7,bd4b881106dd6a8658ee1e9afdb1844f,0.980463981628418,1,True
5c083ab21fc57c0954468ab46aa7fb16,9793c3c2317f38143d21a5187bb35652,0.9764955043792725,1,True
5c4baef054d63b3b93c99a885fc94fac,d84c84c7e96c8a3609150e6afc1f1186,0.9661369919776917,1,False
5c6a9d25b7c602062f4095c2518aa46a,a1f79e44db2ca88a3c1b330af1343d61,0.9636023640632629,3,False
5c845f5a01b97dd479aeef86b465605f,79c0ed7b8274042a87f647a1e03d01e8,0.9658756256103516,1,True
5d00686aeee37bfef71ad623ab4abaa5,7fe78b22d81b42d3bc08fca264448aa0,0.9829435348510742,1,True
5d04a3fbf6bc76e526f4d1c3d763229f,8b8338194dd8175d057bdc068ba44945,0.9727643728256226,1,True
5d13a41bc7d00f8f089392106b073b3e,a58d6425e3c86c6d532cd57dc7504c13,0.9790523052215576,1,True
5d3dfae104348251b8fbc99f8d39a601,633389c0591bdabc6cfd4b0d4fc245e4,0.9835013747215271,1,True
5d438b93171c54575c3248d799952a8c,9676a10811c1fb71f39ce325e330cd06,0.8917399048805237,265,False
5daca040bbf1338462417b7a5dd820a3,c6d58607cc6aeb36e4c1d65fed824e84,0.96562260389328,7,False
5dfb4fde4486edf9f5863e61a1ba016c,aef2f50710677c1204538d88d3475e63,0.9746725559234619,1,False
5e9265276fdaddcc7b37bb29f1e78d04,64bad048716c6feb71b7e86d4de897ef,0.9744033813476562,3,False
5f40e0b339592b1b70f17134a06abf98,9ad778a5756c42441beb803ad8318fec,0.9854313731193542,1,True
5f554a63b2a187b75a1764282fbf10b6,6f50ffdccefb38de120dfb796577fd5b,0.9707092642784119,1,False
5f6b700d24076d52b81361befbc88af1,bebc85c00d7bbf56ebe048147b15ace4,0.9674671292304993,3,False
5f95d17c869a6b92214c6b0c2aebfccb,fc0109ca8340e1cea99e1a26e40aebd4,0.9668605327606201,2,False
5fefc2506c90deddd4bd9854b52895c9,64e7f3ba0ab29790d1ad571eed45f655,0.9753122925758362,1,True
601ffcbed401250430f367a898cb3e3c,ee1605f1c4e68d7a52a07fae529e14f8,0.9755328893661499,1,True
607afab0ebabe2ae01a282ebf467a7ee,8e9fa23bd67888cbddd7203f3a2db9fe,0.9875947833061218,1,True
60a15dda8570e347a3529a062fb1d5c9,977a4281401b63f74739845b3ec98023,0.8935341835021973,333,False
60bf955e8135c580681a253469151ed6,dfa98f57a4842a0f6d78d0c9e59380fa,0.9674854278564453,1,True
60d32cd009e0175fe8607166861cd430,c4cba053efafeac85ec882e30ac6e498,0.9749442934989929,1,True
60f316434ad13b545269024f949698cc,aa9be7d9f82e983d21e2746078b877d9,0.9777607917785645,1,True
610489a9612f4f28cd140e8326c909fa,8364aaf55439cd2b1207b7bfa35d79a2,0.9447637796401978,1,False
6109a474ebb5c73ef1dc5fe36c6f7df2,c25541fd4c6bf6f78e3f364d279b63cf,0.9894898533821106,1,True
612aa3391b33578ba22ef3d3f3ef9d90,7f15c706a91ae8c7ccbfaae1897aa024,0.9742573499679565,1,True
615b584af86176f21b7a609807c56197,cc8e0db9056592acd465f3457bc06177,0.9735820889472961,1,True
61838ed2c863a4b4d7b851854f990941,9e25a72634b60efd066f96c715437686,0.9697681665420532,1,True
61af9a116d196c47cc049a122eb7b7f3,f084f6eabe7932229687dfa7cbb3dbed,0.984694242477417,1,True
61d53ad3869b865564520488312443f2,b3c9178d328c9a8362be6b7a55614287,0.9849256873130798,1,True
62202e376a671af629cc7c309561ff56,ddbeff8437def5f80c4890b394711ec2,0.9772717952728271,1,True
622fc40ffe3f5307f850d3e6e3e738a4,c5e43f6957d317a37a98f97cb2b855a1,0.9742485880851746,1,False
6303244b26eef8e081298bfeac827403,c2f90bbc5200609817a0745279582e72,0.9808183312416077,1,True
630b89cbf5bec0ab752aa3a8688930f0,d18c24df948f2d59ce38b6c97a0045d0,0.9575750231742859,2,False
630ead3f5eee9ca3d292d65a785d480b,b790c95b8efb85a4e600533cf0444937,0.9900879859924316,1,True
6329256633b051f1e2b903afa9b5ef26,d0bd34262db1f6c9753c6ead015e347f,0.9776912927627563,1,False
632bb32084df3f4c50164c2c684d34ab,dd4a6b2c2370f47add9ec08e2f7e7458,0.9757376909255981,11,False
637209e621c8714a1f636e38542efe91,ae73856854dae06ef0423afdc995e9c8,0.9877533912658691,1,True
63b703a3294579f3e31f1a7afcf3ce20,d8abf403ab5663c07528475647e0db5a,0.9748187065124512,1,True
63ec04bc1c32dd36fc1bfa2846a0c98f,91ab816a1696123b34d31e6b8fc00315,0.977303147315979,1,False
644c556ebc3fc0c4345e328f8523308c,f6ffc86aa0c22f0f0e6bb3b5c3dd79e9,0.9858556985855103,1,True
6453e55d3511f7cacb8075f5bb82fd97,71fc7343524aad2c6953b454f7dce67c,0.9870626330375671,1,True
64649896d23df686ff9bb201501a40e3,f4df16a55805e69f7013d79eca0c46a7,0.9773669242858887,1,True
647f4dabc53f943acbffbde9db87e35e,c5a4bb3e9ebfbb7762f7fefee9ee6d6a,0.9698325991630554,1,True
64836a799f01a425ff277deed36210cf,85fb392d25b2a8c56e054b2e3cf4b0ad,0.9750716090202332,3,False
64a33315a1c5d2f6aa9f04a9c2ff4650,6db636a5372b53a603ac3a5bde9abba0,0.9867545962333679,1,True
64c46cb52749df98dafa527d439fa606,df18ac8990e89990e4b908f4d77c3aa2,0.9635568857192993,1,False
651871fee7a4c9e53028c99294709f41,71f3ff8361e8d200a0b497ec2cdc2097,0.9620052576065063,1,False
658be675223ffa5509203009eb7bba89,9ecba0a5f5caa828df43867455405dd7,0.9744623899459839,1,True
65cf80cfe609bc8c8a5268c72dcbacd4,e838fccf83d4b5ba0b5915bc74a66a1d,0.9717847108840942,1,True
66bf5fa7e14d885f38e3dc61a64f41ab,bcaf9c8890c50757bd3624d5bd39c270,0.9720958471298218,4,False
66c2c9894033a7e09a33548f4e51c2be,8cc5179031ebbf5704f2cc33476dd5be,0.9897334575653076,1,True
66f04788a17915feba394290384e13a4,e4c61dd08684fe6ca116c8610967f247,0.9767526388168335,1,True
6748bc59dcdccfef45a9f45c1dac18a1,9dc4c474c8f4f01ec503bdcd3043e10a,0.9621098041534424,1,True
67bc9a23a87b07457464561b22515733,7ac75b11d166936c552ce33e170afd4a,0.9701590538024902,12,False
67e80d7930675251b17a42baf5920293,99c6eb1d87928dfae4d098276b85b98c,0.9742847084999084,1,True
67e855cca15a9930d065bf9f14241b41,af994df40907edf1c3aefb45df954add,0.9724656343460083,1,True
67fa39eefb55953ca818c7c46d3a8369,89912d7c7ffbad7504be4a75676fa4c2,0.9817922711372375,1,True
685903725349cde80b2be656ab872194,e8efa9929870f9695be85d3ee7276518,0.9812431931495667,1,True
68825cc3e6cac82167c6c7ccee576b2b,afe59339b8fe3ed8a390ccdf9030f6b1,0.9874920845031738,1,True
6890c90884c340a88a661384550e6339,6ef357192c2530ee54e1bd38a3231e00,0.9709357619285583,1,True
68d72c5e4c104168c1a12ef520fbed6c,fda6868aea710b2e286d1b575638050f,0.9631865620613098,1,False
68e3ae430a2afe28f0f09ba08891145c,9275833e274c8ae8d514349c8c05fe2c,0.9620437622070312,1,True
68e6f2bbdbb308624ed004484a1da2b8,8e8e466ee8644a88c48ff4decef87949,0.9819501638412476,1,False
6976004fb0e04f4435b0e1e127032881,d0e4a4827c5ce9d7cc92f05e25674b71,0.960314929485321,23,False
69d6fdc8e8bed1323f7dd9055aeb0e6b,6e4122eef9edf14c7ba932cfb9321788,0.9785076379776001,1,True
69da9f886fc4413167b8b144da775269,a55cc8df950bcadf4cd61ff470d74246,0.8828554749488831,1111,False
69f32b20f51e4166809a29e594764865,f5bed5601a8e1f32043ff77755d957d0,0.9566143751144409,1,True
6a2889f097b3501ebc0343427e9e0c3e,a1182a350f2f7c5b6d75aacaf5aededc,0.9861201643943787,1,True
6a363e70baf98838b0093f9ae93052fd,c614dc18ffa37f8007c2aead39e65342,0.9787372350692749,1,True
6a5cc0b66b8d4af9c13f1303c6de5ffb,c24bb6e1c14b242a4744d9854f738470,0.9639114141464233,1,True
6ae06c0101d0cfa56d4ca5c6aaa7750b,b912445f14c14f0583f573db5be18d7a,0.9788892269134521,1,True
6ae973c0f3341e2eb19e08dfe4ee42fc,f0bb29042dfb17421aac02138f8e9d20,0.9317896366119385,43,False
6b4c77b671e8412d65773f9614816db0,dc10032bf598b0a3268074de4bb2d7b6,0.8140320777893066,2171,False
6b4c77b671e8412d65773f9614816db0,e10ebd20ef424d61222ccc5e97dcc76b,0.9847974181175232,1,True
6b512a45bd8ca759e655c2d551dec2d9,fc3c4b863c8e9defaf8f430cdee91183,0.9838854074478149,1,True
6be53a9c6190b5a9240fac9b5b5eef58,f6a5026c3875a441ac93945bd4ba9c18,0.9913192987442017,1,True
6bfa122b5832ffd442a8123153f5d252,afd477abb13dea3e8d517efcb19233c2,0.9826628565788269,1,True
6c3599d5faf73b34fe8d64fac9368483,cf30df304e1b75bc28624ef1d5c2cf6e,0.9888335466384888,1,True
6cbc6f7259cb45a4086cd584aec53857,a21c88c3d7c1a95eec2fdc7300fdfee0,0.9908091425895691,1,False
6cd581a4c4e0314e1479c0c4a24f4eb3,f0f6097376bf887f51d552bd033ae5d7,0.9740709662437439,1,True
6d2bcf1b97f6731338a530650f776fb4,9921310eb85fdef96f5ec4b5bea102c5,0.902671217918396,266,False
6d4e9ec6aafe17b5e3b2845905610c2a,df29712be2badfd7ae0ef37d30759042,0.9925395250320435,1,True
6d5c07d90c18669e961483005a6a8a7b,c5935769ea277fc625da007d693f7cf2,0.9597381949424744,5,False
6ddb61c8bad32ffc60da3a6c96e85b49,c176d5630828984c57bf0c94751145a8,0.9649801850318909,1,True
6deb79f9bae408e2b5bec3b5bb5414dd,73ef865e4905cc6276f0123c87af0882,0.9813410043716431,1,True
6e04223880c3cae8aa29366304c2bf7f,8495f8040d55ab4ac000fd91a137b0e1,0.9683499932289124,1,True
6e1fa7c1156d3e0dda56638b893d86b6,dcc1dcad3b26cf0927b6f35228b5a058,0.9823020696640015,1,True
6e320ef7485ec6c55962007956985821,c6441fa162ce23651c241f1014f96681,0.9815790057182312,4,False
6e52a788e36a88c5267d49e219051d05,d8f6b2a76413e5b03d0ee89d2792e610,0.9879127740859985,1,True
6e84edfad5dc1ebd5bf547931febf704,a5f7e4be7d541aeab8b4b45f9a681300,0.9669325351715088,1,True
6ea2b59534558f0d4b86d1a3891d611d,f526a2ca5612d5913984a67edabaf991,0.979329526424408,2,False
6f50ffdccefb38de120dfb796577fd5b,b19b678ac181c02332d1ba7acb6ba436,0.9642155766487122,2,False
6f7964ccd7bf337793b91b0a2c4266ca,afa70cee560c0b557c12a0cf0ca7611f,0.9853034019470215,1,True
700a11960e7458ed75689c47eeebe141,c1fd9dfbf6a743763409b6d1a26ab29c,0.983796238899231,1,True
7011aee2bad0c61f658a9e50aa0469e3,f68f24390da7d3aa32817127bc5f7fa7,0.9768939018249512,1,True
70537a4b7d85e72fb377f1ced5ebd5a2,df386686a83a221eda2801df56e60bcd,0.9613980054855347,2,False
70a840557099db07a37542bdf701df90,c176b834c3a5045ac074fb70637cfa8d,0.9611541032791138,1,True
70f71c6fa7ad2baeaff157a299e276a0,df4146c2cb4e97d9c227bdd90d4dc6f8,0.8704150319099426,1560,False
7105b8ee8d4c00c513b334fdfdcd6c49,a81d768e9eacac29f12201fbb1ed93ea,0.9773175716400146,1,True
713f7390942cd359d21b5340f1508427,f5e8369558d2238497eaeb1b6be9391e,0.9723232984542847,1,True
72273ecaf2d7de847ce3555519a6257a,f82b48c5ef63a291660357ded12a7ab1,0.9878966808319092,1,True
725f6e74ba6aed08098c779047a19559,f13cd8ec6e6fde523a0a065b62086d3c,0.9735641479492188,1,True
7274571a802c724b6bb60c4e0ba08bee,90b46d166cca71d23d7158ce41f5863c,0.9798300862312317,1,False
72a669da75812594654ab2097000c32c,da2319b5a8f33c13bcf2380c25b78e37,0.9850892424583435,1,True
72aa3eb389001c2e3ceeb58e7b48dfe9,d451ec7b30cdbf594212c1bf7549a212,0.9830379486083984,1,True
72b9ca2c11e1a849e053013cd5e22d56,dacdcb2643b7fb7038e1f41cb31b4932,0.9653198719024658,1,False
72e996bf235d7bcec83fd9c8f7de1977,b6d811787ee589d5c13dfd8f3aa893f4,0.9865909814834595,1,True
72ef48dc4b05d21859f3842c373e5216,c4fb78f4b25153789d8c8b22b938d322,0.9568105936050415,4,False
733dbfd0b96484c20b09ecdc4e4b095c,89f418346fc412a6458aaa05a224af3a,0.9700404405593872,1,True
735ed10b9f870ff45482454f55b1d807,bc3ea73616f606f303527da9e52796c8,0.9507651925086975,6,False
73b0a645fdadb31c74ffba963d4350bc,80705f12096390b55d4445485bae5eba,0.9928773045539856,1,True
74121dc7165c19a5d72bdbe3eaeb90d2,78d0d8888cb53a305dd5931d7cdb84eb,0.975379228591919,1,True
742e58363ad59930dd29cd4d23e3e2e0,da998451f0bdaf4e16b7b41c0881fcba,0.9738037586212158,1,True
745fb454d6a8791d6cd69d1aa4dc90ba,e5c048da7a875e04bc632e048223309f,0.967080295085907,1,True
745ff65e8c4d1006694049e1da8b938b,7bed5662489bd913da7e9792f715c1ed,0.9890376329421997,1,True
746b95b3a32975082d0ad357527ad701,a1697f266e95a820c676d18f380c6ce8,0.9658712148666382,1,True
746cfe9ab71459d51eb0fbdb72348ae8,da4b2e029abb2741bcfef60fa7ab10b0,0.983361005783081,1,True
750cf428f4f94ee2c4142320505b57e2,91f209de31040146c9a61a8c7804bd34,0.9777300357818604,1,True
753743ff6e00c61a67516723909f71d7,e948b70d1e102a039a6b93a4be16b323,0.9861483573913574,1,True
7537c295737f3a982a8859919c962c66,b9d2a95c3c0787c9faa9901d5b86c5a1,0.9730908274650574,1,True
759b9eca357202fc550e17cf10daed11,c65fcde885b4f231d03cefb0fc75f4fa,0.9771212339401245,1,True
75be11818843990c70ba0b6ed753f3c0,b4375e422395f7dfdaa2619d18929446,0.9808228015899658,1,True
75e0312b501f37b88a274858cb8e7275,8966778378acb202c1d6686486ba6039,0.9901528358459473,1,True
760f8945b00dc239d46a48bc34909eb6,7c440d8eb7dbda63b0b45b7773fa8279,0.9880222082138062,1,True
7641921e308edd4de40ad5f83db43a04,eda92317b583435a810cac1dc7bb8025,0.9900850057601929,1,True
7670f6b1a24f876a30afc5f33043ede7,9fa42d765e1d7d376d4fddc4c590ab37,0.9546149373054504,1,False
767cafac7ddffdb276f3f31b61c1b7ea,c1f151640dce9fc4e33569700be7d52d,0.9821955561637878,1,True
76a8ff1f9493e07c2e6cd013e3ee0d49,9e0f4a948ca41284a9bfd7eedaa7aad3,0.9590033292770386,1,False
76c8934b7350a3ad777b94f624390dbf,e5875827ce9f2f526f46eefff35ab893,0.974465548992157,4,False
76d4adfe37540b9f618888092c2bc162,8679a305ae1cb7b2ed35c30529650e47,0.9746763110160828,1,True
773d5f35cb242573885d18d302a9157c,e528d21e5e6c87a9a1579214f6ec345d,0.9799028635025024,2,False
773e080a5857ba8c0669c435af2f1095,e5739e452d5b7c5e68c4171ece2557e3,0.982306182384491,1,False
774c9b631a29f191836b1078a6c3a67c,bdeb7ab6c22749f3a39e5a88ee4a0fa4,0.9869182109832764,1,True
77545268b9c0cec2fd73b7cb9e03d66b,886682be4f834c17abfcbd5137374279,0.9838429689407349,1,True
7817ae2d392ba4f6cb9104fbe70b6274,7f57053f651025603c6b4246acd0ba54,0.9677066206932068,1,False
7889a8d815877c63420df1750271bd24,c2cbc885637a451cb0218a599e1169c1,0.9600446224212646,1,False
789a88aa6341166fa4e3e08647d3d0e8,cf82146a7d5cfc712501c6471ccb882e,0.9792430400848389,1,False
78bd2af7d449cc2185aaf861f61531aa,ffcbb41626c9267c5c20c4804bd5639a,0.9687088131904602,1,True
7a0a36bc6119e3d78474e6c8ca875725,ea954ce0f1563b69d79bd1c2b7129618,0.9946144819259644,1,True
7a7df1b2eabf6a5b55cba56cd312fcc5,96ebc7a4719a1f87e0d0c6623e32e48a,0.9850519895553589,1,True
7b0067248bea443b4d8c135e4b626028,872dc7b2f6261284df1088e4ef2f8256,0.9829909801483154,1,True
7c879895184685f2ade71c54e63960d8,ee810ac96bd9f15f5e06c372f6908c8c,0.9471815228462219,2,False
7c9f666901629ca31c8dad289aa18211,b9f7b1047221dedd4fec6977eca016ec,0.9534814357757568,1,True
7d0ddf6bf84b1b3d6c8dafe1ab13c4ec,867b4fa9b0b2cc3aa0bafe948d72804a,0.9714691042900085,1,True
7d87113027d6155a406eb732e2355040,d5cab685b579ccaf021401bf2589b5f0,0.9802475571632385,1,True
7e33e3ef6468638fc307b42f5b78e98e,e10ff644b1121aeaf5a060e6875f7867,0.9485434293746948,26,False
7e6194d098fcf07efafbe3803cb4c321,be56b8fd2f70cb10e72deae6baedcd51,0.9796752333641052,1,True
7efede6ad0155034347d7f2b9e50f2c7,bd794a0fe18a2b0705a024096c77bac6,0.9721736907958984,1,True
80c69b5f428d37636414e89a0adaf228,baae8c3655a07ca543a7baa09b29bb52,0.9872103333473206,1,True
80e3e86105889bdd720cc50a512cef2f,b87d20bcf0c7492853ca6cd000e39666,0.9701762795448303,1,False
80f7cfb8ff20d9aa8eebcd541d0d5fd4,bd86f3cec249d54cd3bd64763da8612b,0.9771870970726013,1,False
81b61c22e893d8f7d5d9a32e6ff1bc3c,b1fc28c48cb6e83e5015074c3b61ae65,0.9729506969451904,1,True
823097b40e8a02f6e06021b87322fc58,e004796dbc56fa09c543d415a360c17b,0.9755387306213379,1,True
828b6eff01c7a265a2f6812b89744860,fc45d1e5ef73ee9ceccbe8cb04cc9f15,0.9761434197425842,3,False
82b8e31cf5bd59934af005c609d05e64,c35e39e522cb0a93ecd114c71e72af05,0.9570497274398804,1,True
8423df90dddd142668c18b6ab5ff7f17,e04e11360525f7d13aaa9d4bba16ea7e,0.9660065174102783,1,True
848d1942cc5b7feb97cc03d3ad08d6f9,acb7fc21fae5acfeb3eae17fbefa0e58,0.9793529510498047,1,True
84ac33bcd6d2f5efd71db64edf8dcd8b,e479a841de401149c4f149ebe92cec7e,0.9785642623901367,1,True
850b9fffc6972f75431db42dd07845a9,c4cde1827d4895957ca8507e37a3cf76,0.9854267239570618,1,True
8520e95c49091fe5676146fcedfb3793,fc6a695ba44f4b64425c522f590bac48,0.9808465242385864,1,True
85b31dab1e9985ed09bc99e6797348e0,a279b450a867eb7acc4d2ef0731b3352,0.9918999671936035,1,True
8605810b8ba16fa6e2854dedad10d573,87099c2824149296269d9a9598f68af6,0.9801219701766968,1,True
8690e050e07c2c2aa86f442125b3424f,9158baf42019752ef196d31796e7a768,0.9862595200538635,1,True
86c1e0a1ff57b2fcf24955c8ec925f1c,96dfad49d9f2d8eebfc93fa5aee86b42,0.9484716653823853,1,False
86e8d69d149316c56146a31733406a3f,a34c0d728771285a18dfb156259eb817,0.9814121127128601,1,True
8751f19f273f69ba8ea5c49dc9dd4654,e8c4df5d82b20ace2d04f178e70b6dae,0.9517365097999573,1,True
876d25db23f2f8ed17646186a30bb263,b9ddd69769597b7910120d47e6a93f06,0.9770298004150391,1,True
87ead124230cbf0aa13bcfb238b7dcb6,d2a97eb750bf080454727f8b67a69d92,0.9842931032180786,1,True
87edb3eb0b79782b9b7eec15dc294872,a2f1af7bf2b86cdabfcffe65d8424a3a,0.9703100919723511,1,False
880a1fc64038757f0a332bdf8b81ef05,a5a27468f2a7a299cb8b952abb941705,0.9753658175468445,1,True
88bde4c99e9dff4e732dd21be1bb939b,ba4a1e8412d6376304ae051d32184ce6,0.9807486534118652,1,True
88fb00fabc97d341a95e97a593c3fc43,f5688ca07c152e6777383cc871031692,0.9770234227180481,1,True
88fcb6de1ead418b238f198a635179c0,99b5e6120fe11690a3f36994f2dba580,0.9611219167709351,6,False
89312c1f707db54b1efe684669e62fe9,9702e77a42c305656f1c099eafe7d7f9,0.8231424689292908,1651,False
89afbbdd7813f149b3a047bc544046a8,a04846524f108bb046c4e39f3dcce5d3,0.9835420846939087,1,True
89afbbdd7813f149b3a047bc544046a8,a288e70d5f393dd6d804ad5e024cb5d3,0.9454811215400696,9,False
89b62c165838d36fd294a57624db8e4f,947778d55b7cb029d9b22bd048534fe5,0.9877820611000061,1,True
8a415b0e974861fa00ae9d88f9e3b980,e2726cffee3499287c6f87b561dd228d,0.9845081567764282,1,True
8aa35680beee94df712c211da5bda211,ee4492e15e54bfe1a23bc3af78158897,0.9598388671875,9,False
8ae069858aecbad846f4d69d405f9bd6,a5dbc558ca9c9612b608645238c15129,0.9896813035011292,1,True
8af54c71033c8019017490db924dab70,a8d65bc90e175baee47ae5b445ba2476,0.9829187393188477,1,True
8b1293493098a9bd999ef0c0dfdee134,9bc5cd695f30b6f98e65dc356cf6c656,0.9855265021324158,1,True
8b36508994d132ac03c5effd255b6eaf,f2d8b98b713b1587017e9e0e7ae33fc1,0.973064124584198,1,True
8b44ccec7265270e0524c5ab658d1344,f317f98d0b35871e4363580090ed2e03,0.9654786586761475,1,False
8dd1d17e02123008c58b1ab3652a613f,b35a329a109e2b210463e639c8141f39,0.9022489190101624,175,False
8e03d0bfa55336cccbfa604e66a878fb,c5cd08b16fd00a4d27e66bc0b133c5fb,0.988232433795929,1,True
8e244ea370ffdb16c4d50bd271c538a8,fd7763888e090f5385c2c49944ce94ab,0.9843213558197021,1,True
8ea670bea099a4d37688e0bd5c400dcb,ac5d45906b56238e99d3f46ac94b35fc,0.9886558055877686,1,True
8ed8da75b8a46d9e025378993e4dc41e,fbee536cc1352614dda57bcf0786f387,0.9835355281829834,1,False
8fc10ce3188de7e919b9f08fe5e6993c,ac2980962fa337ca0527b396bc62cf07,0.9859927892684937,1,True
902c91b64acca0e23028554022413337,bd66532ff52dbf34da3607b05a1d8658,0.9596526622772217,1,False
903c88d5dc12315b4f6e9d6ad6b82537,dcdea3763106a19e15cc052a3a251f9e,0.9788057804107666,1,True
908f1b399873681da17cd24b94c85714,bbcd685ce62f785a441a2c8246fa93a6,0.9300111532211304,35,False
90b662751c94e02232830cc4b5d2db16,f17470445cda06cb72f8c016bfcd4e79,0.9245305061340332,220,False
90bded96836ea370356065826e6e5824,e04ea71e821b0dffc431297b25b359de,0.8288304805755615,1385,False
90d0e6728b0cae76570b1abb459b522a,9c5565193a8ab6ddc3b303bc0a9cca09,0.9839284420013428,1,True
91a40f207d9a99e49866c204e28ce521,e5fc40d67ca490bb598688f92a2eff6b,0.9855738282203674,1,True
91afb93637f5f86aacf904fcbe2bf5d9,dc7254ab21584e852fe556646c86d6f4,0.965127170085907,20,False
91c2e90cf320a9e3cbaeee14fd3b44e3,d9c9948c3c66446410dfc95adcafd115,0.9781234264373779,1,True
91dd982fbff7aa72802fbd7391cd2eff,bb66f91b996df6a4a78aa9b7f3ea844b,0.9871655106544495,1,True
91e2c35b8c9d4b6c1772f0589e6a81be,9ffb0d108038b5e91cf647c4f4b61318,0.9826889634132385,1,True
9269a7b94ac73d384512a87c1b38fd5a,be24de51dde9ba0c9808dd4bbd28dda3,0.9792312383651733,1,True
92a7876fa3e636c7cae555a615c6c192,a0d4b7a115f83077d88361dd38399cf7,0.9486150741577148,1,True
92c47e36f3e35b80eb8798558ad37e10,cf811d5af1bb735310b1a7775cd2ee9f,0.9902002811431885,1,True
92d2a85fdb81d51f59c5781eb2c5d0a8,b1fbe9701b14bf285318abcbf002d5ea,0.9588500261306763,1,True
92d9151ac1696151907d63db1116efa1,e62a7175ca466fb365631d124972c0a8,0.9538295269012451,1,True
9335fbc722c3feb51e73c142238a0751,c2296406fa9de6a029e798d89a1c8734,0.976073145866394,1,True
93e2ce38e743146a128afb9ff3a61383,a6fac45c289010871304ffaf13f94d39,0.9009366631507874,2,False
9403cc77efc7d9414204d12e31dadac1,f836bf8b2f7a52acc668fcd59ec0122f,0.9716895818710327,1,True
94a91bf6dc832eda6a8f9fc70aae77bb,ab81f1e238ba4350b836f161a0c5c043,0.9785460829734802,1,True
94e121bc4a7091b881e8dd9b6c2be6b5,a21c88c3d7c1a95eec2fdc7300fdfee0,0.9852398633956909,2,False
955f09b99664b07b0cf18768c84f2253,dd549fc1dbc7db15b94d1a0cfd7de309,0.983997642993927,1,True
95687706ffc4a2750ca1709258cc88de,f05260d375197325c7cf1775306b9eb4,0.9813355803489685,1,True
957b6739a057adf1eef9ff91f31afe43,bc1cf017913e28ca316244b52d1fc59d,0.9809325933456421,1,True
95ceba057707ca5624053399bd2f14db,f0a73ffe7d71950702ebd0ef7efa86cb,0.9930900931358337,1,True
96415990a25ee1d758a8bc7ae97d593f,9e03b5aae46d92a1442fd7e439b0c6bd,0.9940187931060791,1,True
97425535f7cd9edbfdcebb3d9fdce17b,c192a7c5a94aacbb3293267bf206bf5a,0.9753032922744751,1,True
975e3dab22e437d040f2fd296a8d038f,d69244e15961cf6fb54d50a3baaaa46d,0.9847388863563538,1,True
9761fb9e15e37b85ea603dbedd0db804,b1d93623521ae08ba520855009692683,0.9867385625839233,1,True
97a072070bccd353b385580daed8b3f5,bae29f6c79dd4b58689b3d7351a1da09,0.9865856766700745,1,True
97a83309575b765469e6a09250d92170,c95bfd7e7fcb784d245163e8305143cc,0.9769794940948486,1,True
97b36902754bad28b6fd335ddfc6db55,f5b849625162c608e13f0c04d24078d6,0.9718068838119507,1,True
97e55431d1082822b2aee62193b952ed,9c5229cbfdd9234f73a514b0a2f0ad4b,0.9811509847640991,1,True
986d2e993e13ef22c77e011feead1079,f96885e98ce7050f21a86bb312f90c89,0.9860528707504272,1,True
9872b4046512bedead9dc84501aed242,e831ed42fe3417009705f6ac32c63e67,0.9870694279670715,1,True
991b6a11393bf5d10e91a50f581cba68,acde9000c58a22bb2d5adea3a7be531a,0.969511866569519,1,True
99962ae11ae7b8de3b7304c55b8581ab,ef9626e7479e7749bc2dd093237ba966,0.9432339668273926,15,False
99a799d89d57d1dd0b40728a6b7796ee,b8ec9675d05cc0c83f4b1060d5a71cc5,0.9580351710319519,1,True
99bc60c2d554be9304993efa0a5ef740,f79dc41910f957d0c15aadb49bff975c,0.9854329228401184,1,True
99d9afb22b65ea97fcd21ce67e1ddb6c,aadc8c10f196efb7e460e0c424aec805,0.9498285055160522,1,False
99f60de23ae443fc267155050cf905eb,9a132baeb5431f2b38862baff1c367c7,0.9649195671081543,1,True
9a4ba048c62623465d6a7a0d8549a657,cbaaf646e582b153aa87262de00bd4a0,0.886415421962738,7,False
9b56f501c6765027cce8a1a8ad797767,c17fbe7ddf1c9b5993bb144c00d5136b,0.9765726923942566,1,False
9b6cbe06b1f3e5620fd9ac5e69a8cb4e,f93148f68ff93c84d40d566a6cd1dbab,0.971879780292511,1,True
9b78976098554461d749dc6ea6afc9ba,dc34ce090ee7aa4ffe226b4314810434,0.9593182802200317,1,True
9bee26fca37e17fccd88264bece3d921,9c28f2bb8ecc9e89f8c141b768434d67,0.9846584796905518,1,True
9c51659368b9df260684b25ecaca3f77,fda9062ed96a20721634b82e5751c559,0.9800972938537598,1,True
9cc90be7db3d19f91f43a903142d5bfb,c8fa005ff34f3a8d77605437618f1878,0.9765914082527161,1,True
9cd1f9700bb8591c07051ddd50ccdbe7,b600f26e7bc2daf1917e4078496d37ac,0.9872087836265564,1,True
9d1bda4d28af5a9f5d1d96833cec1728,e9d628364cf51891028163e0cfca628c,0.984067976474762,1,True
9d4865f39effefd5da1afb0bb01157b1,e162a1681d6e6ab5bf85a7eb71ef7f95,0.9571110606193542,6,False
9d80974f9e453383a53d81a9d5763691,ff10f937c3d52eff6ad4dd733f2bc3ac,0.9581382274627686,4,False
9e06a908007f1dd46183826db9e80511,ba8d55330e6d36ab991e3bf8e4e489b2,0.9800641536712646,1,True
9e5cd1fc52ee72cb0658f1e403aa00ad,f68673db7c65bc80fde188dea0e39c0b,0.9690654873847961,1,True
9e9ace16f4d20d98a65d3936b953f442,bd31a494912d04160fec50b16a4d330f,0.9817473888397217,1,True
a04846524f108bb046c4e39f3dcce5d3,a288e70d5f393dd6d804ad5e024cb5d3,0.931155800819397,20,False
a04e7045f6c84f25498e256ebff77ac2,c0e652d920384bc328d1e1283178b566,0.975605845451355,1,True
a068d48cb0127a48b4b8c8574b39a2e3,d284c0c04e9c24ed036a882a92823ec5,0.958934485912323,1,False
a099b54eb2b17f63033f310eba0a61fc,cf2d2942b89d99574da83a3dea91d8fe,0.9698735475540161,1,True
a0df9f687c355120bbaecf0b38d21181,f94a2f497ba431ae01c0d557d8c2a78f,0.9856523871421814,1,True
a0dfaf8d608aac9ef3de97f3758ab484,e92dfc70e301a7e97540ac17cb56cdae,0.9710186719894409,1,False
a0e3a20a3cbf77644e69b241910b994a,b828e67db7b84d0d18b5498c8c185874,0.9555047750473022,89,False
a0e79ca3b7a02a0d6c5ed69ab4a5c8b4,f53e64ef7fcd2a2074e0724b2efd4b32,0.9907723665237427,1,True
a10cb9e1dcf60863dba57e77c45de0c5,b263e89dbfd95e61cc803eabc460d4f6,0.9510716795921326,2,False
a14885c7da6514c0523a6977e2b205a4,f3f3bf544a7f055fd753352e25ebc8c6,0.9287001490592957,124,False
a1bd9874f482d6624b437a5c38f4c55a,ffaf4de97335595fb711d3985523106a,0.9703966379165649,1,True
a1eb67fb9f6f39764b1859e175f0995a,d7132253107215db7e9bd88b6a864c14,0.9842603206634521,1,True
a23accdd92c621553d8e58b8b40eed83,d592f94339f67b9453dca75b5826f367,0.9770369529724121,1,True
a273a79b0d6373074b9f75aafd1dd11c,bf5c95be359c44a28f03fcf7c7ffc2c8,0.9751561284065247,1,True
a295321349862720b6541d443b46ee33,ab0c6950b69d38008bea90173b44aefa,0.9419184327125549,19,False
a2fe40846d781b8b5e86e87da1955a8d,d1ebc07cf1375909d41a2021249820e5,0.977483332157135,1,True
a341bd2f51b0913bed2a23c315287002,c2701c13451133bb51ae89e03f77e88d,0.9733365178108215,1,True
a36ee9f2bc558182239d85d1f7a74e9b,dff285c9260f7f68f4e97fb6abd32043,0.9546598196029663,2,False
a3af37fbbe60a833bd33c10c2f88e9e9,beb35c12ff6f8649daef79766c83750e,0.9736077189445496,2,False
a3ca38ce1d10c44103ba22d137be7c08,be8d828b7d90bca42ca4274f57e70cf5,0.967278778553009,1,True
a3da6a9b33b3bbbbc3a2121a06a75ee3,a9a2bdda9278e216b19a3a948f4f29ad,0.9683355689048767,1,False
a44fd7663c5ae9bfd375e6dc75b497f6,d22031e32aaed68b8e5119271ed8b86f,0.9846512079238892,1,True
a45c077803194bf256f58964f457d5cb,eea47f9bc6d774e29cd36167365775bf,0.9368403553962708,1,False
a5e35549c722d53da64190d30859d7f3,e692db297233f27312315e8a5c75c32a,0.9479947686195374,16,False
a5e5be1ada0cffbfa2e935d487d32539,c4b8e60fec9eabe9a9fdacce39f23d60,0.9848048686981201,1,True
a656612b4ddb61780536400c117a9b91,e90c8fb1ab71a448843dfec8f21a15c8,0.9535723328590393,17,False
a66acc12fbf3f3d375bac7f768336aa5,de4966a35d76fc988a17d78d895b2130,0.9758347272872925,1,True
a6f080dbb9bf42ed3e8510972595c71c,e4004944daa2e2ab41f4d8cec3adec83,0.965086817741394,1,True
aa288e0ae818acf0dcd09b923c9a1abc,c07ed66dfd3256b0d3500d8e46c4fd58,0.9863508343696594,1,True
aa47209a146185e3bea1fa18b904304a,e2efdfdce6c126897cef60cde252def7,0.9758254885673523,1,True
aa68bce6e7fd266e9839f591296166b0,e17b55972ff36346f98e17f963a057f0,0.9804854989051819,1,True
ab81e59d765182466b1c5dce9641cc38,c115a53d035363f2cc49ed0b98934b9a,0.9322525858879089,62,False
abfe06f56b989f9e1d6034b12bb885d8,bb0dfd783c80c4485da90113a01ea8ae,0.9681932926177979,1,True
ac32c2c755e496c5e7bc1949b78d36c9,df6054cdf663fcc0fa704d6a45ce97ef,0.9811254739761353,1,True
adced66ab9dcf618633efe9f1b837fcc,f3b08a5e211d74b09025915fa906449a,0.9561253786087036,1,False
adef73f1a19ad047a97ba507c3312798,b0b0bb292409f1613351c5a4c2f6a25a,0.9894623756408691,1,True
af931670d9111cee444281fd1b8d1dec,df83132f9e6a7c8337e6cd91270f8f7d,0.990848183631897,1,True
aff9deb3016a3ba5db5a5edb22ecc982,f062f6c1128e0e9d51a76747d9018849,0.9802216291427612,1,True
b02d2e1a8b84a4e0786a8fbd2775d767,b48211c0c0fba52fcc8d919d03ed005b,0.9667232036590576,1,False
b0602c9c2ffe204f7c0ab9b3386dd35d,dab87401b1605f7d5eb9bf5a722486bc,0.9907904267311096,1,True
b0e4ac380ceb1b245dd4fe6052913919,be403ce415609008605d63396869ed2e,0.9509730935096741,14,False
b13078f2ae0a4dd072a3509ab1b1a0f0,ffd2841373b39792ab0c84cccd066e31,0.9773226976394653,1,True
b1c8b92e790c28010a3f0678db6638fc,b770d7a72514c3f30684c4e632580b6e,0.9800869822502136,1,True
b276c39d60d16cdcca065940ed55eeb8,d7f293887ea70c37b1c940ba372e1a2f,0.9806900024414062,1,False
b29e5425308f0f10cded9bb6c75b6049,d34c7fe759808771f0b2dc65ad0df03c,0.9811344146728516,1,True
b2dca2c953d270bc78478df8cf5ddb62,e9f33468a68c94621a437aee8674be96,0.9591938257217407,1,False
b30b0cebda476de77bec3bff2374cf68,f1f9aea9e0bb9845704f9871346811aa,0.9855937361717224,1,True
b3853701d3e05b29f0e2c2bc0f85bd21,b8b2b97c2b6b1cb436a57dcefca7f78e,0.9609253406524658,5,False
b393b5fdb1c3810f70c422cca50ff720,da05399168ba25410d90c05f8f603012,0.9829862713813782,1,True
b3a2dc7547bc580c6f3923c61db42051,f7b41d0ca05e2d1de4fd4b3fd0ae4ef7,0.956928014755249,1,False
b440e34f6b1bc9abd0844a7ed19a6b45,d74ad1248c21f6a8ab77a7462e1dec31,0.9759319424629211,3,False
b58d4168888e852385cc411b9bf9b783,d396752533648e870437e895a2a1d175,0.9938492774963379,1,True
b5ad6c0446b987d1f33df121e2512331,cb4dce32e66ce659b386933a77ff59b1,0.9799124002456665,1,True
b5b2f06981b22750480a201e7d3baea4,dfefdf0717c69330a75f3cd28abcfff5,0.9702855348587036,1,True
b65129204d2b429ad4612276e2d2dd84,ecebd05f42f575630c79ca2c759246c4,0.9778962731361389,1,False
b6bd9248ed2b894808d5a922f8c32d9f,cc2681fc29015a9c20bca401aba9d489,0.9844024777412415,1,True
b7295985832c4130a410a77f37061107,f080aadb91c111b6e2e91ed6d7d12e5c,0.9685172438621521,1,False
b77a9076b560f05dec87198633e8e00b,ccc369b1011a0bf8ab0d11b2ac495bc8,0.9770786166191101,1,False
b96adba102a845d3fd6445ea5d7017bb,f81f26aac99df0845173c6f8e21ab71e,0.9877343773841858,1,True
b9af529d72fbbca473b126588296c1e5,cd9c3b20829419695429f656fc340821,0.9645411372184753,7,False
ba07ed13e035af4f49a9d6830685024c,daebef24cda2600dcb449a78a83c1858,0.9899455308914185,1,True
ba688af0eaf8cb53ccca7ee628a4691a,f0197942d5cd986426ed3550e562d495,0.989004909992218,1,True
bafd1d2508efae102d22e55633e9891f,d0d27aeca4fd3a00340812c03b692f56,0.9783413410186768,1,True
bb11bbc200cb4a84814ddc37a78eeb98,ee3cb4950320fa16061f3f3519f8e08e,0.9828782081604004,1,True
bb2ab3d537fc2ff5eda009019226c37b,e1b95e3bcc154cf1819ce08b778adbc0,0.9775249361991882,1,True
bbc3af10b2b28e237b786efa802e226f,c81f511f1a4c64ea7f20d8c47654632f,0.9754682183265686,1,True
bc93d165d96e4fa4883f130b3f7b9885,f5d40a40e34f8a090f44cb6589c26900,0.9678263664245605,2,False
bcadcbc70af9a0f20cdbfcb2e6689b6c,f39bf22d9a2f313425ee201932bac91a,0.9541158676147461,1,False
bd3d353c7d62399239bbf5ecd28f729b,f30cd94ed55475f5a660fed3cd4cda58,0.9780842661857605,1,False
bda25c48ac8086cccbf2397e13166046,e6a6f4658717ef0c20e18cc89b96f4e6,0.9718855619430542,1,True
beac155ed4bdcad4a5a4ce22717a6c58,c5e9176fa34d3fc8caccc6bb1f35003c,0.9729751348495483,1,True
bf76a6ee6ce516c2222395ec55e90917,c686992bf74305e9f9965fd85c15eb4d,0.9771649241447449,1,True
bfc6ccb20af434cfb505aafc00dce754,c8a621362f5189faa7df3a4e475126dc,0.8670985698699951,1231,False
bfcc9e5ac8e39cf903c5a70ca5f8e2e7,cdf40333dfe2afec1a4c54d9eeb1ec7a,0.9843259453773499,1,True
bfd646393bd83e42b00c235a1082a6cf,c2e7580519b62b7183c1924211ee8603,0.9862760901451111,1,True
bfed9b44a06d5de60336ec6fe0365361,f220b26c6610f8210cf859a46feba5c1,0.9720644950866699,1,False
c07f5f4ca0af11d11a755c72b638d966,d98d4b443eaaad06c3244e059b34053f,0.9644567966461182,1,True
c105c2ca793d49297acb88eb4eb49c76,c517993657aadfd868d6760a5136df94,0.9621056914329529,1,False
c15bffae592596f8f566239c725ec577,efffcaf09935e68555f74277c387220a,0.9786943197250366,1,True
c1d018bf50493567d288a9fdad021e6c,ec357f56de67acf8abceb244a2cdf49b,0.9650583863258362,1,True
c2097792be4e003096aada72e7317a66,ea72eb500f523697eee190bcedc8f0dd,0.9698756337165833,1,True
c24be4bf9e9be5e7898cdd383233813b,d1088ba933bd7066a3a777f542f61fa6,0.9803982973098755,1,True
c286cf324f3d429aaf5d3f903e5ce634,e5c110d0ec8087bc89e6f6a528a690ce,0.9625918865203857,11,False
c3f5378fbec18534005c2d1e46f1cdfc,f34713c3ba1e433268c056d42b29fef6,0.9820345044136047,1,True
c4cb40675296c2f44f631bdc7a5d1e9b,f999e08da2e822cceea24d7201eec2bc,0.9729992151260376,1,False
c7a9409b4cc4821c6fb23346db4c2433,feac91652a1c5accff08217d19116f1c,0.9753153920173645,1,False
c7b5025d6ca0352a9feb0b83f3ecf231,fab1d411448d12a807e3ded857ddeaed,0.9870278239250183,1,True
c874de63fb72b5c081bbea4a5a7aae65,d41a958db22d495ee02e9672d1a3e532,0.9329310655593872,1,False
c8846813f6660c127897a5da55050d96,f07384ef90c301fac9bf8fdc24cb88e8,0.9766911268234253,1,True
c8a09a4ef05f4b37037251a76d8f5d68,e4ddc57e6642607be5809a7fd02bd612,0.946374773979187,1,False
ca8d1d9139e69459bfbd3fdfbd909e8e,fbec0ff75cf34743b0143538e59c4641,0.9849939346313477,1,True
cac4a6e019153f88b52ae2fba6b20cef,d85e14b5f57f220ccd80ca6f02f6b56b,0.9764862060546875,1,True
cacf5097de53eb9db8566f3f48522bda,ee84768fd0b939e9fc7369652cba4a35,0.9807876944541931,1,True
cae520ae95d1e52de8b6df570d995a11,e0d6698a658131c2240e15cf4f40efa1,0.9826430678367615,1,True
cd636fee80a3058dcd3f5428d997a153,f9caed448e138e702ee5a2c906a671fc,0.9664561748504639,7,False
cf6d2d5e9dd37892e7aeb4cd12f76db3,e82301e658d765151edd7134a663c4e1,0.9742990136146545,1,True
d086283d558caa08041b9f13b1580737,dafa723ac789768ed1e863cce1681e4f,0.990188717842102,1,True
d0fe5433525c2dd49ca417cc8a4c82e8,d2728eec000198df9000ee2bb07fe2b0,0.9605836272239685,1,False
d11c87201830d5e0b853fe783ff28b70,e2138754f55ba87cd4cdd2ccb8f0721d,0.977435827255249,1,False
d1df1946a0d00bdf843cbbedbe98fa4b,dbd4f6f4fee92f77e8847f704635df6a,0.9589435458183289,1,True
d238858042506302cfc15c63db81341b,d9ad3f3ed67f14c9c9b35a5c4e85400b,0.9873406887054443,1,True
d42bd4e73a676fe81419f7c9b499a79f,e0c2ac1e8919079234c7d0b9df13adff,0.9404441714286804,3,False
d4557d562ab93564514e79c9dbbcc3cd,fcf954f576b072584d4271144e57f6d3,0.9821135401725769,1,True
d4dcb1cd15053d17de19d2d63ddcb173,df8bd94723b96652f71fbdde64fc8669,0.9508764743804932,14,False
d5110b3363bff16460ad266f1ce4ea06,db8ff1904b4dbb6dced48061856d9849,0.9710927605628967,1,False
d9652aa1aed6ef06e2c1f8181b734d9e,e1cb7dd62d9f43421d5a01467307b98d,0.9810436367988586,1,True
da558caad449f980ef35d87f9bfc2fa4,eb18e2e49ff4b26634ed4737a7d48b2a,0.9687275886535645,1,True
dabe405fe14fea8abeae766fdaa96185,e9e062c3fcf872abdf5f44dc2c55345a,0.9885451793670654,1,True
db50ae671fd181d31c89728e6a71e582,e46cd9a60e519442571060be59a55149,0.9636650085449219,1,True
dbf09c7c30806ef30dca99273d05075b,e528d21e5e6c87a9a1579214f6ec345d,0.9694880843162537,2,False
dd036a4ae490d912713ea354b58d8eb9,fcaa47a2c6a94bdd2ba3618c6f0f2050,0.9850839972496033,1,True
dd43c81a6e0d49daefdbaa069e2bb095,e02703af0349a0d093605123400dbf07,0.9802470207214355,1,True
ddd302c374af146eeff0408e2b5da995,e6ba38a0847082104bfcbd7ec1bf6f49,0.9827452898025513,1,True
de06480e9ad90fd6fbb3b2496eb6d35b,fa6a64b3a0c696072eb77fc03e2858df,0.9882206320762634,1,True
e2f04baa0bee5232b73ca726d29a870b,eed22b80775127e0a2143e287d79c575,0.8788679838180542,577,False
e55a0a59287bb3e3c51a6775a3ef30dc,f9285fe284ce30f4d249635062db619a,0.8925995826721191,95,False
e78a43e9cbfaae34ae2ad4929f2f8bcd,f367f6252be10578dcadc00ded89ecd5,0.9665694236755371,1,False
e7e80a801e9a9102e87bcb514b13c660,f6c0aa4b8c3f21c9077ea8bb373b4c84,0.989022970199585,1,True
e95c6d365351c83dc999465682628033,f9e7b42fd5a1fd18683a846ddfa94c8c,0.9837918877601624,1,True
e9db6929c47c3ce5ea489a1187e7e669,f7ccce426ebb48fa278ff063858f9299,0.9827300906181335,1,True
eab6d4eae42fed6ed8ce52aa6b313a1c,f1536f338e098d87b1164712aff106ba,0.9788363575935364,1,True
eb81e4b7cf069e0660b747b0da1aa1a7,fc115a1b3e831ab2e51576d7e9a8b630,0.9653204083442688,6,False
ec382d53fa1973de25c35af7af550aff,f6de38334730ae611fbf46dd649b1476,0.9128702878952026,1,False
eced1d0653f7c472814889665013f114,f4cc3f49c4bd4fdc3422ed1b8c5c7676,0.9784026145935059,1,True
efbd55aede0638c4e82fb065d40fa238,f95c0c54f064c14c0502f2b2d12f03ba,0.9834591150283813,1,True
f6bdf05486c92f8f69be83c174756110,fd8c1f420a7c1c28bab654d0d8d3a6ba,0.9827700853347778,1,True
